,Unnamed: 0,kind,totalItems,items__kind,items__id,items__etag,items__selfLink,items__volumeInfo__title,items__volumeInfo__subtitle,items__volumeInfo__authors__001,items__volumeInfo__publisher,items__volumeInfo__publishedDate,items__volumeInfo__description,items__volumeInfo__industryIdentifiers__type,items__volumeInfo__industryIdentifiers__identifier,items__volumeInfo__readingModes__text,items__volumeInfo__readingModes__image,items__volumeInfo__pageCount,items__volumeInfo__printType,items__volumeInfo__categories__-,items__volumeInfo__maturityRating,items__volumeInfo__allowAnonLogging,items__volumeInfo__contentVersion,items__volumeInfo__panelizationSummary__containsEpubBubbles,items__volumeInfo__panelizationSummary__containsImageBubbles,items__volumeInfo__imageLinks__smallThumbnail,items__volumeInfo__imageLinks__thumbnail,items__volumeInfo__language,items__volumeInfo__previewLink,items__volumeInfo__infoLink,items__volumeInfo__canonicalVolumeLink,items__saleInfo__country,items__saleInfo__saleability,items__saleInfo__isEbook,items__saleInfo__listPrice__amount,items__saleInfo__listPrice__currencyCode,items__saleInfo__retailPrice__amount,items__saleInfo__retailPrice__currencyCode,items__saleInfo__buyLink,items__saleInfo__offers__finskyOfferType,items__saleInfo__offers__|,items__saleInfo__offers__|__amountInMicros,items__saleInfo__offers__|__currencyCode,items__accessInfo__country,items__accessInfo__viewability,items__accessInfo__embeddable,items__accessInfo__publicDomain,items__accessInfo__textToSpeechPermission,items__accessInfo__epub__isAvailable,items__accessInfo__epub__acsTokenLink,items__accessInfo__pdf__isAvailable,items__accessInfo__webReaderLink,items__accessInfo__accessViewStatus,items__accessInfo__quoteSharingAllowed,items__searchInfo__textSnippet,items__volumeInfo__averageRating,items__volumeInfo__ratingsCount,items__accessInfo__pdf__acsTokenLink,items__volumeInfo__authors__002,items__volumeInfo__authors__003,Unnamed: 0.1,items__accessInfo__epub__downloadLink,items__accessInfo__pdf__downloadLink,items__volumeInfo__authors__004,items__volumeInfo__authors__005,items__volumeInfo__authors__006,items__volumeInfo__authors__007,items__volumeInfo__authors__008,items__volumeInfo__authors__009,items__volumeInfo__authors__010,items__volumeInfo__authors__011,items__volumeInfo__authors__012,items__volumeInfo__authors__013,items__volumeInfo__authors__014,items__volumeInfo__authors__015,items__volumeInfo__authors__016,items__volumeInfo__authors__017,items__volumeInfo__authors__018,items__volumeInfo__authors__019,items__volumeInfo__authors__020,items__volumeInfo__comicsContent,Unnamed: 0.1.1,items__volumeInfo__authors__-,items__volumeInfo__description	,items__searchInfo__textSnippet	,title,titlecluster,descriptioncluster
0,0,books#volumes,1.0,books#volume,KE1EDwAAQBAJ,qWBLM38WKwE,https://www.googleapis.com/books/v1/volumes/KE1EDwAAQBAJ,how to be less stupid about race,"On Racism, White Supremacy, and the Racial Divide",Crystal Marie Fleming,Beacon Press,2018-09-18,a unique and irreverent take on everything that's wrong with our “national conversation about race”—and what to do about it how to be less stupid about race is your essential guide to breaking through the half-truths and ridiculous misconceptions that have thoroughly corrupted the way race is represented in the classroom pop culture media and politics centuries after our nation was founded on genocide settler colonialism and slavery many americans are kinda-sorta-maybe waking up to the reality that our racial politics are (still) garbage but in the midst of this reckoning widespread denial and misunderstandings about race persist even as white supremacy and racial injustice are more visible than ever before combining no-holds-barred social critique humorous personal anecdotes and analysis of the latest interdisciplinary scholarship on systemic racism sociologist crystal m fleming provides a fresh accessible and irreverent take on everything that’s wrong with our “national conversation about race” drawing upon critical race theory as well as her own experiences as a queer black millennial college professor and researcher fleming unveils how systemic racism exposes us all to racial ignorance—and provides a road map for transforming our knowledge into concrete social change searing sobering and urgently needed how to be less stupid about race is a truth bomb for your racist relative friend or boss and a call to action for everyone who wants to challenge white supremacy and intersectional oppression if you like issa rae justin simien angela davis and morgan jerkins then this deeply relevant bold and incisive book is for you,ISBN_13,9780807050781,True,False,256.0,BOOK,Social Science,NOT_MATURE,True,1.6.5.0.preview.2,False,False,http://books.google.com/books/content?id=KE1EDwAAQBAJ&printsec=frontcover&img=1&zoom=5&edge=curl&source=gbs_api,http://books.google.com/books/content?id=KE1EDwAAQBAJ&printsec=frontcover&img=1&zoom=1&edge=curl&source=gbs_api,un,http://books.google.nl/books?id=KE1EDwAAQBAJ&printsec=frontcover&dq=isbn:9780807050781&hl=&cd=1&source=gbs_api,https://play.google.com/store/books/details?id=KE1EDwAAQBAJ&source=gbs_api,https://play.google.com/store/books/details?id=KE1EDwAAQBAJ,NL,FOR_SALE,True,21.4,EUR,21.4,EUR,https://play.google.com/store/books/details?id=KE1EDwAAQBAJ&rdid=book-KE1EDwAAQBAJ&rdot=1&source=gbs_api,1.0,listPrice,21400000.0,EUR,NL,PARTIAL,True,False,ALLOWED,True,http://books.google.nl/books/download/How_to_Be_Less_Stupid_About_Race-sample-epub.acsm?id=KE1EDwAAQBAJ&format=epub&output=acs4_fulfillment_token&dl_type=sample&source=gbs_api,False,http://play.google.com/books/reader?id=KE1EDwAAQBAJ&hl=&printsec=frontcover&source=gbs_api,SAMPLE,False,A unique and irreverent take on everything that&#39;s wrong with our “national conversation about race”—and what to do about it How to Be Less Stupid About Race is your essential guide to breaking through the half-truths and ridiculous ...,,,,,,,,,,,,,,,,,,,,,,,,,,,,,,,,4,1
1,1,,,,,,,nan,,,,,nan,ISBN_10,0807050784,,,,,,,,,,,,,,,,,,,,,,,,,,retailPrice,21400000.0,EUR,,,,,,,,,,,,,,,,,,,,,,,,,,,,,,,,,,,,,,,,,,,,0,0
2,2,books#volumes,1.0,books#volume,C4EBwgEACAAJ,eyiTj6QNPVI,https://www.googleapis.com/books/v1/volumes/C4EBwgEACAAJ,say her name,,Zetta Elliott,Jump At The Sun,2020-01-14,inspired by the #sayhername campaign launched by the african american policy forum these poems pay tribute to victims of police brutality as well as the activists insisting that black lives matter elliott engages poets from the past two centuries to create a chorus of voices celebrating the creativity resilience and courage of black women and girls this collection features forty-nine powerful poems four of which are tribute poems inspired by the works of lucille clifton audre lorde nikki giovanni and phillis wheatley this provocative collection will move every reader to reflect respond-and act,ISBN_10,1368045243,False,False,96.0,BOOK,Young Adult Nonfiction,NOT_MATURE,False,preview-1.0.0,False,False,http://books.google.com/books/content?id=C4EBwgEACAAJ&printsec=frontcover&img=1&zoom=5&source=gbs_api,http://books.google.com/books/content?id=C4EBwgEACAAJ&printsec=frontcover&img=1&zoom=1&source=gbs_api,un,http://books.google.nl/books?id=C4EBwgEACAAJ&dq=isbn:9781368045247&hl=&cd=1&source=gbs_api,http://books.google.nl/books?id=C4EBwgEACAAJ&dq=isbn:9781368045247&hl=&source=gbs_api,https://books.google.com/books/about/Say_Her_Name.html?hl=&id=C4EBwgEACAAJ,NL,NOT_FOR_SALE,False,,,,,,,,,,NL,NO_PAGES,False,False,ALLOWED,False,,False,http://play.google.com/books/reader?id=C4EBwgEACAAJ&hl=&printsec=frontcover&source=gbs_api,NONE,False,"This collection features forty-nine powerful poems, four of which are tribute poems inspired by the works of Lucille Clifton, Audre Lorde, Nikki Giovanni, and Phillis Wheatley.",4.5,2.0,,,,,,,,,,,,,,,,,,,,,,,,,,,,,,0,3
3,4,books#volumes,1.0,books#volume,JjvwvQEACAAJ,vNKstkMvPtI,https://www.googleapis.com/books/v1/volumes/JjvwvQEACAAJ,woke,A Guide to Social Justice,Titania McGrath,Constable,2019-09-03,'the book everyone's talking about' the times 'titania mcgrath is a genius' spectator 'just as bridget jones was the embodiment of the anxiety-ridden nineties feminist a creation whose diary entries encapsulated all our hopes fears and failures so titania mcgrath is her millennial successor a girl every bit as lost and confused every bit as accurately observed - and equally catastrophically hilarious' sarah vine daily mail in woke titania mcgrath demonstrates how everybody can play their part in the pursuit of social justice as a millennial icon on the forefront of online activism titania is uniquely placed to guide her readers through the often bewildering array of terminology and concepts that constitute twenty-first-century 'wokeness' these new ideas often leave the general public bemused particularly if they don't read the guardian being woke is actually much easier than people think as titania demonstrates anyone can be an activist by simply adding a rainbow flag to your facebook profile or calling out an elderly person who doesn't understand what 'non-binary' means you can change the world for the better indeed social media has now made it possible to show how virtuous you are without having to do anything at all timely and indispensable titania's step-by-step guide will help you to become the woke person you need to be in an increasingly progressive world in a non-patronising manner titania will explain why you are wrong about everything and how to become more like her,ISBN_10,1472130847,False,False,160.0,BOOK,Humor,NOT_MATURE,False,preview-1.0.0,False,False,http://books.google.com/books/content?id=JjvwvQEACAAJ&printsec=frontcover&img=1&zoom=5&source=gbs_api,http://books.google.com/books/content?id=JjvwvQEACAAJ&printsec=frontcover&img=1&zoom=1&source=gbs_api,un,http://books.google.nl/books?id=JjvwvQEACAAJ&dq=isbn:9781472130846&hl=&cd=1&source=gbs_api,http://books.google.nl/books?id=JjvwvQEACAAJ&dq=isbn:9781472130846&hl=&source=gbs_api,https://books.google.com/books/about/Woke.html?hl=&id=JjvwvQEACAAJ,NL,NOT_FOR_SALE,False,,,,,,,,,,NL,NO_PAGES,False,False,ALLOWED,False,,False,http://play.google.com/books/reader?id=JjvwvQEACAAJ&hl=&printsec=frontcover&source=gbs_api,NONE,False,&#39;The book everyone&#39;s talking about&#39; The Times (Book of the Year) &#39;Titania McGrath is a genius&#39; Spectator (Book of the Year) &#39;Beautiful classic satire&#39; Ricky Gervais &#39;Hilarious . . . the most artful form of subtle parody&#39; Joe Rogan &#39;Just as ...,3.0,4.0,,,,,,,,,,,,,,,,,,,,,,,,,,,,,,1,1
4,6,books#volumes,1.0,books#volume,6pNbDwAAQBAJ,KWz+4sscI3c,https://www.googleapis.com/books/v1/volumes/6pNbDwAAQBAJ,how to be an antiracist,,Ibram X. Kendi,One World,2019-08-13,#1 new york times bestseller • from the national book award–winning author of stamped from the beginning comes a “groundbreaking” (time) approach to understanding and uprooting racism and inequality in our society—and in ourselves “the most courageous book to date on the problem of race in the western mind”—the new york times named one of the best books of the year by the new york times book review • time • npr • the washington post • shelf awareness • library journal • publishers weekly • kirkus reviews antiracism is a transformative concept that reorients and reenergizes the conversation about racism—and even more fundamentally points us toward liberating new ways of thinking about ourselves and each other at its core racism is a powerful system that creates false hierarchies of human value; its warped logic extends beyond race from the way we regard people of different ethnicities or skin colors to the way we treat people of different sexes gender identities and body types racism intersects with class and culture and geography and even changes the way we see and value ourselves in how to be an antiracist kendi takes readers through a widening circle of antiracist ideas—from the most basic concepts to visionary possibilities—that will help readers see all forms of racism clearly understand their poisonous consequences and work to oppose them in our systems and in ourselves kendi weaves an electrifying combination of ethics history law and science with his own personal story of awakening to antiracism this is an essential work for anyone who wants to go beyond the awareness of racism to the next step: contributing to the formation of a just and equitable society praise for how to be an antiracist “ibram x kendi’s new book how to be an antiracist couldn’t come at a better time    kendi has gifted us with a book that is not only an essential instruction manual but also a memoir of the author’s own path from anti-black racism to anti-white racism and finally to antiracism    how to be an antiracist gives us a clear and compelling way to approach as kendi puts it in his introduction ‘the basic struggle we’re all in the struggle to be fully human and to see that others are fully human’ ”—npr “kendi dissects why in a society where so few people consider themselves to be racist the divisions and inequalities of racism remain so prevalent how to be an antiracist punctures the myths of a post-racial america examining what racism really is—and what we should do about it”—time,ISBN_13,9780525509295,True,False,320.0,BOOK,Political Science,NOT_MATURE,True,1.7.6.0.preview.2,False,False,http://books.google.com/books/content?id=6pNbDwAAQBAJ&printsec=frontcover&img=1&zoom=5&edge=curl&source=gbs_api,http://books.google.com/books/content?id=6pNbDwAAQBAJ&printsec=frontcover&img=1&zoom=1&edge=curl&source=gbs_api,un,http://books.google.nl/books?id=6pNbDwAAQBAJ&printsec=frontcover&dq=isbn:9780525509295&hl=&cd=1&source=gbs_api,http://books.google.nl/books?id=6pNbDwAAQBAJ&dq=isbn:9780525509295&hl=&source=gbs_api,https://books.google.com/books/about/How_to_Be_an_Antiracist.html?hl=&id=6pNbDwAAQBAJ,NL,NOT_FOR_SALE,False,,,,,,,,,,NL,PARTIAL,True,False,ALLOWED_FOR_ACCESSIBILITY,True,http://books.google.nl/books/download/How_to_Be_an_Antiracist-sample-epub.acsm?id=6pNbDwAAQBAJ&format=epub&output=acs4_fulfillment_token&dl_type=sample&source=gbs_api,False,http://play.google.com/books/reader?id=6pNbDwAAQBAJ&hl=&printsec=frontcover&source=gbs_api,SAMPLE,False,This is an essential work for anyone who wants to go beyond the awareness of racism to the next step: contributing to the formation of a just and equitable society.,4.0,24.0,,,,,,,,,,,,,,,,,,,,,,,,,,,,,,4,1
5,8,books#volumes,1.0,books#volume,LMovDgAAQBAJ,6L1dMtFNgdM,https://www.googleapis.com/books/v1/volumes/LMovDgAAQBAJ,why i’m no longer talking to white people about race,The Sunday Times Bestseller,Reni Eddo-Lodge,Bloomsbury Publishing,2017-06-01,'every voice raised against racism chips away at its power we can't afford to stay silent this book is an attempt to speak' the book that sparked a national conversation exploring everything from eradicated black history to the inextricable link between class and race why i'm no longer talking to white people about race is the essential handbook for anyone who wants to understand race relations in britain today the sunday times bestseller winner of the british book awards non-fiction narrative book of the year 2018 foyles non-fiction book of the year blackwell's non-fiction book of the year winner of the jhalak prize longlisted for the baillie gifford prize for non-fiction longlisted for the orwell prize shortlisted for a books are my bag readers award,ISBN_13,9781408870570,True,True,272.0,BOOK,Social Science,NOT_MATURE,True,2.8.9.0.preview.3,False,False,http://books.google.com/books/content?id=LMovDgAAQBAJ&printsec=frontcover&img=1&zoom=5&edge=curl&source=gbs_api,http://books.google.com/books/content?id=LMovDgAAQBAJ&printsec=frontcover&img=1&zoom=1&edge=curl&source=gbs_api,un,http://books.google.nl/books?id=LMovDgAAQBAJ&printsec=frontcover&dq=isbn:9781408870570&hl=&cd=1&source=gbs_api,https://play.google.com/store/books/details?id=LMovDgAAQBAJ&source=gbs_api,https://play.google.com/store/books/details?id=LMovDgAAQBAJ,NL,FOR_SALE,True,12.13,EUR,8.25,EUR,https://play.google.com/store/books/details?id=LMovDgAAQBAJ&rdid=book-LMovDgAAQBAJ&rdot=1&source=gbs_api,1.0,listPrice,12130000.0,EUR,NL,PARTIAL,True,False,ALLOWED,True,http://books.google.nl/books/download/Why_I_m_No_Longer_Talking_to_White_Peopl-sample-epub.acsm?id=LMovDgAAQBAJ&format=epub&output=acs4_fulfillment_token&dl_type=sample&source=gbs_api,True,http://play.google.com/books/reader?id=LMovDgAAQBAJ&hl=&printsec=frontcover&source=gbs_api,SAMPLE,False,&#39;Every voice raised against racism chips away at its power. We can&#39;t afford to stay silent. This book is an attempt to speak&#39; The book that sparked a national conversation.,4.5,12.0,http://books.google.nl/books/download/Why_I_m_No_Longer_Talking_to_White_Peopl-sample-pdf.acsm?id=LMovDgAAQBAJ&format=pdf&output=acs4_fulfillment_token&dl_type=sample&source=gbs_api,,,,,,,,,,,,,,,,,,,,,,,,,,,,,3,2
6,10,books#volumes,1.0,books#volume,AerMswEACAAJ,sRptP+HshEY,https://www.googleapis.com/books/v1/volumes/AerMswEACAAJ,and she was,,Jessica Verdi,Scholastic Press,2018,when dara finds her birth certificate she is puzzled to find two strange names on it but when her mother mellie reveals that she is transgender and transitioned when dara's biological mother died soon after dara's birth dara is stunned and angry--and she sets off with her friend sam in search of the grandparents she never knew existed (and who may be able to fund her tennis career) and the family secrets she can only guess at,ISBN_10,1338150537,False,False,368.0,BOOK,Young Adult Fiction,NOT_MATURE,False,preview-1.0.0,False,False,http://books.google.com/books/content?id=AerMswEACAAJ&printsec=frontcover&img=1&zoom=5&source=gbs_api,http://books.google.com/books/content?id=AerMswEACAAJ&printsec=frontcover&img=1&zoom=1&source=gbs_api,un,http://books.google.nl/books?id=AerMswEACAAJ&dq=isbn:9781338150537&hl=&cd=1&source=gbs_api,http://books.google.nl/books?id=AerMswEACAAJ&dq=isbn:9781338150537&hl=&source=gbs_api,https://books.google.com/books/about/And_She_Was.html?hl=&id=AerMswEACAAJ,NL,NOT_FOR_SALE,False,,,,,,,,,,NL,NO_PAGES,False,False,ALLOWED,False,,False,http://play.google.com/books/reader?id=AerMswEACAAJ&hl=&printsec=frontcover&source=gbs_api,NONE,False,"Dara is stunned, devastated -- her mother has lied to her for her whole life. Dara takes off in search of her grandparents and her truth, her best friend Sam in tow. What she finds will challenge and surprise her more than she can imagine.",,,,,,,,,,,,,,,,,,,,,,,,,,,,,,,,0,4
7,12,books#volumes,1.0,books#volume,6l4mDwAAQBAJ,nvr324fd2mI,https://www.googleapis.com/books/v1/volumes/6l4mDwAAQBAJ,when they call you a terrorist,A Black Lives Matter Memoir,Patrisse Khan-Cullors,St. Martin's Press,2018-01-16,"the instant new york times bestseller new york times editor’s pick library journal best books of 2019 time magazine's ""best memoirs of 2018 so far"" o oprah’s magazine’s “10 titles to pick up now” politics & current events 2018 owl book awards winner the root best of 2018 ""this remarkable book reveals what inspired patrisse's visionary and courageous activism and forces us to face the consequence of the choices our nation made when we criminalized a generation this book is a must-read for all of us"" - michelle alexander new york times bestselling author of the new jim crow a poetic and powerful memoir about what it means to be a black woman in america—and the co-founding of a movement that demands justice for all in the land of the free raised by a single mother in an impoverished neighborhood in los angeles patrisse khan-cullors experienced firsthand the prejudice and persecution black americans endure at the hands of law enforcement for patrisse the most vulnerable people in the country are black people deliberately and ruthlessly targeted by a criminal justice system serving a white privilege agenda black people are subjected to unjustifiable racial profiling and police brutality in 2013 when trayvon martin’s killer went free patrisse’s outrage led her to co-found black lives matter with alicia garza and opal tometi condemned as terrorists and as a threat to america these loving women founded a hashtag that birthed the movement to demand accountability from the authorities who continually turn a blind eye to the injustices inflicted upon people of black and brown skin championing human rights in the face of violent racism patrisse is a survivor she transformed her personal pain into political power giving voice to a people suffering inequality and a movement fueled by her strength and love to tell the country—and the world—that black lives matter when they call you a terrorist is patrisse khan-cullors and asha bandele’s reflection on humanity it is an empowering account of survival strength and resilience and a call to action to change the culture that declares innocent black life expendable",ISBN_13,9781250171092,True,False,304.0,BOOK,Biography & Autobiography,NOT_MATURE,True,1.7.7.0.preview.2,False,False,http://books.google.com/books/content?id=6l4mDwAAQBAJ&printsec=frontcover&img=1&zoom=5&edge=curl&source=gbs_api,http://books.google.com/books/content?id=6l4mDwAAQBAJ&printsec=frontcover&img=1&zoom=1&edge=curl&source=gbs_api,un,http://books.google.nl/books?id=6l4mDwAAQBAJ&printsec=frontcover&dq=isbn:9781250171092&hl=&cd=1&source=gbs_api,https://play.google.com/store/books/details?id=6l4mDwAAQBAJ&source=gbs_api,https://play.google.com/store/books/details?id=6l4mDwAAQBAJ,NL,FOR_SALE,True,10.89,EUR,7.41,EUR,https://play.google.com/store/books/details?id=6l4mDwAAQBAJ&rdid=book-6l4mDwAAQBAJ&rdot=1&source=gbs_api,1.0,listPrice,10890000.0,EUR,NL,PARTIAL,True,False,ALLOWED,True,http://books.google.nl/books/download/When_They_Call_You_a_Terrorist-sample-epub.acsm?id=6l4mDwAAQBAJ&format=epub&output=acs4_fulfillment_token&dl_type=sample&source=gbs_api,False,http://play.google.com/books/reader?id=6l4mDwAAQBAJ&hl=&printsec=frontcover&source=gbs_api,SAMPLE,False,This book is a must-read for all of us.,4.5,15.0,,asha bandele,,,,,,,,,,,,,,,,,,,,,,,,,,,,0,3
8,14,books#volumes,1.0,books#volume,OTwYDQAAQBAJ,/wovxHoYBVI,https://www.googleapis.com/books/v1/volumes/OTwYDQAAQBAJ,the hate u give,,Angie Thomas,HarperCollins,2017-02-28,"8 starred reviews · goodreads choice awards best of the best · william c morris award winner · national book award longlist · printz honor book · coretta scott king honor book · #1 new york times bestseller ""absolutely riveting"" —jason reynolds ""stunning"" —john green ""this story is necessary this story is important"" —kirkus (starred review) ""heartbreakingly topical"" —publishers weekly (starred review) ""a marvel of verisimilitude"" —booklist (starred review) ""a powerful in-your-face novel"" —horn book (starred review) sixteen-year-old starr carter moves between two worlds: the poor neighborhood where she lives and the fancy suburban prep school she attends the uneasy balance between these worlds is shattered when starr witnesses the fatal shooting of her childhood best friend khalil at the hands of a police officer khalil was unarmed soon afterward his death is a national headline some are calling him a thug maybe even a drug dealer and a gangbanger protesters are taking to the streets in khalil’s name some cops and the local drug lord try to intimidate starr and her family what everyone wants to know is: what really went down that night and the only person alive who can answer that is starr but what starr does—or does not—say could upend her community it could also endanger her life want more of garden heights catch maverick and seven’s story in concrete rose angie thomas's powerful prequel to the hate u give",ISBN_13,9780062498557,True,False,464.0,BOOK,Young Adult Fiction,NOT_MATURE,True,1.26.25.0.preview.2,False,False,http://books.google.com/books/content?id=OTwYDQAAQBAJ&printsec=frontcover&img=1&zoom=5&edge=curl&source=gbs_api,http://books.google.com/books/content?id=OTwYDQAAQBAJ&printsec=frontcover&img=1&zoom=1&edge=curl&source=gbs_api,un,http://books.google.nl/books?id=OTwYDQAAQBAJ&printsec=frontcover&dq=isbn:9780062498557&hl=&cd=1&source=gbs_api,https://play.google.com/store/books/details?id=OTwYDQAAQBAJ&source=gbs_api,https://play.google.com/store/books/details?id=OTwYDQAAQBAJ,NL,FOR_SALE,True,7.09,EUR,5.1,EUR,https://play.google.com/store/books/details?id=OTwYDQAAQBAJ&rdid=book-OTwYDQAAQBAJ&rdot=1&source=gbs_api,1.0,listPrice,7090000.0,EUR,NL,PARTIAL,True,False,ALLOWED_FOR_ACCESSIBILITY,True,http://books.google.nl/books/download/The_Hate_U_Give-sample-epub.acsm?id=OTwYDQAAQBAJ&format=epub&output=acs4_fulfillment_token&dl_type=sample&source=gbs_api,False,http://play.google.com/books/reader?id=OTwYDQAAQBAJ&hl=&printsec=frontcover&source=gbs_api,SAMPLE,False,"This story is important.&quot; —Kirkus (starred review) &quot;Heartbreakingly topical.&quot; —Publishers Weekly (starred review) &quot;A marvel of verisimilitude.&quot; —Booklist (starred review) &quot;A powerful, in-your-face novel.&quot; —Horn Book (starred review) ...",4.5,199.0,,,,,,,,,,,,,,,,,,,,,,,,,,,,,,2,3
9,16,books#volumes,1.0,books#volume,bqgHrgEACAAJ,lM14+H922vk,https://www.googleapis.com/books/v1/volumes/bqgHrgEACAAJ,counting on community,,Innosanto Nagara,Triangle Square,2015-09-15,counting on community is the follow-up to nagara's hit abc book a is for activist (seven stories 2013) counting up from one stuffed pi¤ata to ten hefty hens - and always counting on each other - children are encouraged to recognise the value of community and the joys inherent in healthy eco-friendly activities a broad an inspiring vision of diversity is told through stories in words and original illustrations and there is a duck to find on every page,ISBN_10,1609806328,False,False,24.0,BOOK,Juvenile Nonfiction,NOT_MATURE,False,preview-1.0.0,,,http://books.google.com/books/content?id=bqgHrgEACAAJ&printsec=frontcover&img=1&zoom=5&source=gbs_api,http://books.google.com/books/content?id=bqgHrgEACAAJ&printsec=frontcover&img=1&zoom=1&source=gbs_api,un,http://books.google.nl/books?id=bqgHrgEACAAJ&dq=isbn:9781609806323&hl=&cd=1&source=gbs_api,http://books.google.nl/books?id=bqgHrgEACAAJ&dq=isbn:9781609806323&hl=&source=gbs_api,https://books.google.com/books/about/Counting_on_Community.html?hl=&id=bqgHrgEACAAJ,NL,NOT_FOR_SALE,False,,,,,,,,,,NL,NO_PAGES,False,False,ALLOWED,False,,False,http://play.google.com/books/reader?id=bqgHrgEACAAJ&hl=&printsec=frontcover&source=gbs_api,NONE,False,"Counting on Community is Innosanto Nagara&#39;s follow-up to his hit ABC book, A is for Activist.",,,,,,,,,,,,,,,,,,,,,,,,,,,,,,,,0,3
10,18,books#volumes,1.0,books#volume,9bbNDwAAQBAJ,siBU3NcEuRA,https://www.googleapis.com/books/v1/volumes/9bbNDwAAQBAJ,woke,A Young Poet's Call to Justice,Mahogany L. Browne,Roaring Brook Press,2020-03-10,"""this collection of poems by women of color covers topics relating to social justice activism discrimination and empathy focusing on the need to speak out and inspiring middle-graders"" -vogue woke: a young poet's guide to justice is a collection of poems to inspire kids to stay woke and become a new generation of activists historically poets have been on the forefront of social movements woke is a collection of poems by women that reflects the joy and passion in the fight for social justice tackling topics from discrimination to empathy and acceptance to speaking out with theodore taylor’s bright emotional art and writing from mahogany l browne elizabeth acevedo and olivia gatwood kids will be inspired to create their own art and poems to express how they see justice and injustice with a foreword by best-selling author jason reynolds",ISBN_13,9781250780591,True,True,56.0,BOOK,Juvenile Fiction,NOT_MATURE,True,1.2.2.0.preview.3,False,False,http://books.google.com/books/content?id=9bbNDwAAQBAJ&printsec=frontcover&img=1&zoom=5&edge=curl&source=gbs_api,http://books.google.com/books/content?id=9bbNDwAAQBAJ&printsec=frontcover&img=1&zoom=1&edge=curl&source=gbs_api,un,http://books.google.nl/books?id=9bbNDwAAQBAJ&printsec=frontcover&dq=isbn:9781250780591&hl=&cd=1&source=gbs_api,https://play.google.com/store/books/details?id=9bbNDwAAQBAJ&source=gbs_api,https://play.google.com/store/books/details?id=9bbNDwAAQBAJ,NL,FOR_SALE,True,12.18,EUR,8.28,EUR,https://play.google.com/store/books/details?id=9bbNDwAAQBAJ&rdid=book-9bbNDwAAQBAJ&rdot=1&source=gbs_api,1.0,listPrice,12180000.0,EUR,NL,PARTIAL,True,False,ALLOWED,True,http://books.google.nl/books/download/Woke-sample-epub.acsm?id=9bbNDwAAQBAJ&format=epub&output=acs4_fulfillment_token&dl_type=sample&source=gbs_api,True,http://play.google.com/books/reader?id=9bbNDwAAQBAJ&hl=&printsec=frontcover&source=gbs_api,SAMPLE,False,"&quot;This collection of poems by women of color covers topics relating to social justice, activism, discrimination and empathy, focusing on the need to speak out and inspiring middle-graders.",,,http://books.google.nl/books/download/Woke-sample-pdf.acsm?id=9bbNDwAAQBAJ&format=pdf&output=acs4_fulfillment_token&dl_type=sample&source=gbs_api,Elizabeth Acevedo,Olivia Gatwood,,,,,,,,,,,,,,,,,,,,,,,,,,,1,1
11,20,books#volumes,1.0,books#volume,Fv1kzQEACAAJ,FvKrB7qQAgU,https://www.googleapis.com/books/v1/volumes/Fv1kzQEACAAJ,stamped,"Racism, Antiracism, and You",Jason Reynolds,,2020,"""a history of racist and antiracist ideas in america from their roots in europe until today adapted from the national book award winner stamped from the beginning""--",ISBN_10,0316453676,False,False,294.0,BOOK,YOUNG ADULT NONFICTION|People & Places|United States|African American|,NOT_MATURE,False,preview-1.0.0,False,False,http://books.google.com/books/content?id=Fv1kzQEACAAJ&printsec=frontcover&img=1&zoom=5&source=gbs_api,http://books.google.com/books/content?id=Fv1kzQEACAAJ&printsec=frontcover&img=1&zoom=1&source=gbs_api,un,http://books.google.nl/books?id=Fv1kzQEACAAJ&dq=isbn:9780316453677&hl=&cd=1&source=gbs_api,http://books.google.nl/books?id=Fv1kzQEACAAJ&dq=isbn:9780316453677&hl=&source=gbs_api,https://books.google.com/books/about/Stamped.html?hl=&id=Fv1kzQEACAAJ,NL,NOT_FOR_SALE,False,,,,,,,,,,NL,NO_PAGES,False,False,ALLOWED,False,,False,http://play.google.com/books/reader?id=Fv1kzQEACAAJ&hl=&printsec=frontcover&source=gbs_api,NONE,False,"&quot;A history of racist and antiracist ideas in America, from their roots in Europe until today, adapted from the National Book Award winner Stamped from the Beginning&quot;--",4.5,13.0,,,,,,,,,,,,,,,,,,,,,,,,,,,,,,0,2
12,0,books#volumes,10.0,books#volume,2p8qAwAAQBAJ,LHNuclhTimM,https://www.googleapis.com/books/v1/volumes/2p8qAwAAQBAJ,aristotle and dante discover the secrets of the universe,,Benjamin Alire Sáenz,Simon and Schuster,2012,fifteen-year-old ari mendoza is an angry loner with a brother in prison but when he meets dante and they become friends ari starts to ask questions about himself his parents and his family that he has never asked before,ISBN_13,9781442408937,False,False,359.0,BOOK,Juvenile Nonfiction,NOT_MATURE,False,0.2.1.0.preview.0,False,False,http://books.google.com/books/content?id=2p8qAwAAQBAJ&printsec=frontcover&img=1&zoom=5&edge=curl&source=gbs_api,http://books.google.com/books/content?id=2p8qAwAAQBAJ&printsec=frontcover&img=1&zoom=1&edge=curl&source=gbs_api,un,http://books.google.nl/books?id=2p8qAwAAQBAJ&printsec=frontcover&dq=intitle:Aristotle+and+Dante+Discover+the+Secrets+of+the+Universe&hl=&cd=1&source=gbs_api,http://books.google.nl/books?id=2p8qAwAAQBAJ&dq=intitle:Aristotle+and+Dante+Discover+the+Secrets+of+the+Universe&hl=&source=gbs_api,https://books.google.com/books/about/Aristotle_and_Dante_Discover_the_Secrets.html?hl=&id=2p8qAwAAQBAJ,NL,NOT_FOR_SALE,False,,,,,,,,,,NL,PARTIAL,True,False,ALLOWED_FOR_ACCESSIBILITY,False,,False,http://play.google.com/books/reader?id=2p8qAwAAQBAJ&hl=&printsec=frontcover&source=gbs_api,SAMPLE,False,"Fifteen-year-old Ari Mendoza is an angry loner with a brother in prison, but when he meets Dante and they become friends, Ari starts to ask questions about himself, his parents, and his family that he has never asked before.",4.5,2435.0,,,,53.0,,,,,,,,,,,,,,,,,,,,,,,,,,2,4
13,1,books#volumes,265.0,books#volume,OBW0zy30sdIC,533omo+yQxs,https://www.googleapis.com/books/v1/volumes/OBW0zy30sdIC,one crazy summer,,Rita Williams-Garcia,Harper Collins,2010-01-26,"in this newbery honor novel new york times bestselling author rita williams-garcia tells the story of three sisters who travel to oakland california in 1968 to meet the mother who abandoned them ""this vibrant and moving award-winning novel has heart to spare""* eleven-year-old delphine is like a mother to her two younger sisters vonetta and fern she's had to be ever since their mother cecile left them seven years ago for a radical new life in california but when the sisters arrive from brooklyn to spend the summer with their mother cecile is nothing like they imagined while the girls hope to go to disneyland and meet tinker bell their mother sends them to a day camp run by the black panthers unexpectedly delphine vonetta and fern learn much about their family their country and themselves during one truly crazy summer this moving funny novel won the scott o'dell award for historical fiction and the coretta scott king award and was a national book award finalist delphine vonetta and fern's story continues in ps be eleven and gone crazy in alabama readers who enjoy christopher paul curtis's the watsons go to birmingham and jacqueline woodson’s brown girl dreaming will find much to love in one crazy summer this novel was the first featured title for marley d’s reading party launched after the success of #1000blackgirlbooks maria russo in a new york times list of ""great kids' books with diverse characters"" called it ""witty and original"" *brightly in olugbemisola rhuday-perkovich's article ""knowing our history to build a brighter future: books to help kids understand the fight for racial equality""",ISBN_13,9780061966675,True,False,240.0,BOOK,Juvenile Fiction,NOT_MATURE,True,2.12.12.0.preview.2,False,False,http://books.google.com/books/content?id=OBW0zy30sdIC&printsec=frontcover&img=1&zoom=5&edge=curl&source=gbs_api,http://books.google.com/books/content?id=OBW0zy30sdIC&printsec=frontcover&img=1&zoom=1&edge=curl&source=gbs_api,un,http://books.google.nl/books?id=OBW0zy30sdIC&printsec=frontcover&dq=intitle:One+Crazy+Summer&hl=&cd=1&source=gbs_api,https://play.google.com/store/books/details?id=OBW0zy30sdIC&source=gbs_api,https://play.google.com/store/books/details?id=OBW0zy30sdIC,NL,FOR_SALE,True,5.09,EUR,3.82,EUR,https://play.google.com/store/books/details?id=OBW0zy30sdIC&rdid=book-OBW0zy30sdIC&rdot=1&source=gbs_api,1.0,listPrice,5090000.0,EUR,NL,PARTIAL,True,False,ALLOWED_FOR_ACCESSIBILITY,True,http://books.google.nl/books/download/One_Crazy_Summer-sample-epub.acsm?id=OBW0zy30sdIC&format=epub&output=acs4_fulfillment_token&dl_type=sample&source=gbs_api,False,http://play.google.com/books/reader?id=OBW0zy30sdIC&hl=&printsec=frontcover&source=gbs_api,SAMPLE,False,"In this Newbery Honor novel, New York Times bestselling author Rita Williams-Garcia tells the story of three sisters who travel to Oakland, California, in 1968 to meet the mother who abandoned them.",4.0,908.0,,,,75.0,,,,,,,,,,,,,,,,,,,,,,,,,,0,3
14,2,books#volumes,111.0,books#volume,ghzkwAEACAAJ,uLyWTLsModM,https://www.googleapis.com/books/v1/volumes/ghzkwAEACAAJ,tears we cannot stop,A Sermon to White America,Michael Eric Dyson,St. Martin's Press,2017-01-17,"now a new york times publisher's weekly indiebound los angeles times washington post chronicle herald salisbury post guelph mercury tribune and boston globe bestseller | named a best/most anticipated book of 2017 by: the washington post • bustle • men's journal • the chicago reader • startribune • blavity • the guardian • nbc new york's bill's books • kirkus • essence “one of the most frank and searing discussions on race  a deeply serious urgent book which should take its place in the tradition of baldwin's the fire next time and king's why we can't wait"" —the new york times book review toni morrison hails tears we cannot stop as ""elegantly written and powerful in several areas: moving personal recollections; profound cultural analysis; and guidance for moral redemption a work to relish"" stephen king says: ""here’s a sermon that’s as fierce as it is lucidif you’re black you’ll feel a spark of recognition in every paragraph if you’re white dyson tells you what you need to know—what this white man needed to know at least this is a major achievement i read it and said amen"" short emotional literary powerful—tears we cannot stop is the book that all americans who care about the current and long-burning crisis in race relations will want to read as the country grapples with racist division at a level not seen since the 1960s one man's voice soars above the rest with conviction and compassion in his 2016 new york times op-ed piece ""death in black and white"" michael eric dyson moved a nation now he continues to speak out in tears we cannot stop—a provocative and deeply personal call for change dyson argues that if we are to make real racial progress we must face difficult truths including being honest about how black grievance has been ignored dismissed or discounted ""the time is at hand for reckoning with the past recognizing the truth of the present and moving together to redeem the nation for our future if we don't act now if you don't address race immediately there very well may be no future""",ISBN_10,1250135990,False,False,240.0,BOOK,Social Science,NOT_MATURE,False,preview-1.0.0,False,False,http://books.google.com/books/content?id=ghzkwAEACAAJ&printsec=frontcover&img=1&zoom=5&source=gbs_api,http://books.google.com/books/content?id=ghzkwAEACAAJ&printsec=frontcover&img=1&zoom=1&source=gbs_api,un,http://books.google.nl/books?id=ghzkwAEACAAJ&dq=intitle:Tears+We+Cannot+Stop&hl=&cd=1&source=gbs_api,http://books.google.nl/books?id=ghzkwAEACAAJ&dq=intitle:Tears+We+Cannot+Stop&hl=&source=gbs_api,https://books.google.com/books/about/Tears_We_Cannot_Stop.html?hl=&id=ghzkwAEACAAJ,NL,NOT_FOR_SALE,False,,,,,,,,,,NL,NO_PAGES,False,False,ALLOWED,False,,False,http://play.google.com/books/reader?id=ghzkwAEACAAJ&hl=&printsec=frontcover&source=gbs_api,NONE,False,"This is a major achievement. I read it and said amen.&quot; Short, emotional, literary, powerful—Tears We Cannot Stop is the book that all Americans who care about the current and long-burning crisis in race relations will want to read.",4.0,11.0,,,,170.0,,,,,,,,,,,,,,,,,,,,,,,,,,0,1
15,3,books#volumes,186.0,books#volume,1KV7PgAACAAJ,McDaTUXxXvs,https://www.googleapis.com/books/v1/volumes/1KV7PgAACAAJ,the sandwich swap,,"Queen Rania of Jordan Al Abdullah,",Hyperion,2010-04-20,lily and salma are best friends they like doing all the same things and they always eat lunch together lily eats peanut butter and salma eats hummus—but what’s that between friends it turns out a lot before they know it a food fight breaks out can lily and salma put aside their differences or will a sandwich come between them the smallest things can pull us apart—until we learn that friendship is far more powerful than difference in a glorious three-page gatefold at the end of the book salma lily and all their classmates come together in the true spirit of tolerance and acceptance,ISBN_10,1423124847,False,False,32.0,BOOK,Juvenile Fiction,NOT_MATURE,False,preview-1.0.0,False,False,http://books.google.com/books/content?id=1KV7PgAACAAJ&printsec=frontcover&img=1&zoom=5&source=gbs_api,http://books.google.com/books/content?id=1KV7PgAACAAJ&printsec=frontcover&img=1&zoom=1&source=gbs_api,un,http://books.google.nl/books?id=1KV7PgAACAAJ&dq=intitle:The+Sandwich+Swap&hl=&cd=1&source=gbs_api,http://books.google.nl/books?id=1KV7PgAACAAJ&dq=intitle:The+Sandwich+Swap&hl=&source=gbs_api,https://books.google.com/books/about/The_Sandwich_Swap.html?hl=&id=1KV7PgAACAAJ,NL,NOT_FOR_SALE,False,,,,,,,,,,NL,NO_PAGES,False,False,ALLOWED,False,,False,http://play.google.com/books/reader?id=1KV7PgAACAAJ&hl=&printsec=frontcover&source=gbs_api,NONE,False,"In a glorious three-page gatefold at the end of the book, Salma, Lily, and all their classmates come together in the true spirit of tolerance and acceptance.",5.0,2.0,,Kelly S. DiPucchio,,288.0,,,,,,,,,,,,,,,,,,,,,,,,,,2,0
16,4,books#volumes,380.0,books#volume,n90nDwAAQBAJ,WIpu8yo6aWU,https://www.googleapis.com/books/v1/volumes/n90nDwAAQBAJ,the fire this time,A New Generation Speaks about Race,Jesmyn Ward,Simon and Schuster,2017-06-20,"""ward takes james baldwin's 1963 examination of race in america the fire next time as a jumping off point for this  collection of essays and poems about race from  voices of her generation and our time""--",ISBN_13,9781501126352,False,False,240.0,BOOK,History,NOT_MATURE,False,preview-1.0.0,False,False,http://books.google.com/books/content?id=n90nDwAAQBAJ&printsec=frontcover&img=1&zoom=5&edge=curl&source=gbs_api,http://books.google.com/books/content?id=n90nDwAAQBAJ&printsec=frontcover&img=1&zoom=1&edge=curl&source=gbs_api,un,http://books.google.nl/books?id=n90nDwAAQBAJ&printsec=frontcover&dq=intitle:The+Fire+This+Time&hl=&cd=1&source=gbs_api,http://books.google.nl/books?id=n90nDwAAQBAJ&dq=intitle:The+Fire+This+Time&hl=&source=gbs_api,https://books.google.com/books/about/The_Fire_This_Time.html?hl=&id=n90nDwAAQBAJ,NL,NOT_FOR_SALE,False,,,,,,,,,,NL,PARTIAL,True,False,ALLOWED_FOR_ACCESSIBILITY,False,,False,http://play.google.com/books/reader?id=n90nDwAAQBAJ&hl=&printsec=frontcover&source=gbs_api,SAMPLE,False,"&quot;Ward takes James Baldwin&#39;s 1963 examination of race in America, The Fire Next Time, as a jumping off point for this ... collection of essays and poems about race from ... voices of her generation and our time&quot;--",4.5,17.0,,,,355.0,,,,,,,,,,,,,,,,,,,,,,,,,,2,1
17,5,books#volumes,1.0,books#volume,_n2-zQEACAAJ,2B657j2aQ4g,https://www.googleapis.com/books/v1/volumes/_n2-zQEACAAJ,white fragility,Why It's So Hard for White People to Talk about Racism,Robin Diangelo,Beacon Press,2020-11-17,"the new york times best-selling book exploring the counterproductive reactions white people have when their assumptions about race are challenged and how these reactions maintain racial inequality in this ""vital necessary and beautiful book"" (michael eric dyson) antiracist educator robin diangelo deftly illuminates the phenomenon of white fragility and ""allows us to understand racism as a practice not restricted to 'bad people' (claudia rankine) referring to the defensive moves that white people make when challenged racially white fragility is characterized by emotions such as anger fear and guilt and by behaviors including argumentation and silence these behaviors in turn function to reinstate white racial equilibrium and prevent any meaningful cross-racial dialogue in this in-depth exploration diangelo examines how white fragility develops how it protects racial inequality and what we can do to engage more constructively",ISBN_10,0807047406,False,False,192.0,BOOK,Self-Help,NOT_MATURE,False,preview-1.0.0,False,False,http://books.google.com/books/content?id=_n2-zQEACAAJ&printsec=frontcover&img=1&zoom=5&source=gbs_api,http://books.google.com/books/content?id=_n2-zQEACAAJ&printsec=frontcover&img=1&zoom=1&source=gbs_api,un,http://books.google.nl/books?id=_n2-zQEACAAJ&dq=isbn:9780807047408%C2%A0&hl=&cd=1&source=gbs_api,http://books.google.nl/books?id=_n2-zQEACAAJ&dq=isbn:9780807047408%C2%A0&hl=&source=gbs_api,https://books.google.com/books/about/White_Fragility.html?hl=&id=_n2-zQEACAAJ,NL,NOT_FOR_SALE,False,,,,,,,,,,NL,NO_PAGES,False,False,ALLOWED,False,,False,http://play.google.com/books/reader?id=_n2-zQEACAAJ&hl=&printsec=frontcover&source=gbs_api,NONE,False,Explores counterproductive reactions white people have when discussing racism that serve to protect their positions and maintain racial inequality.,4.0,44.0,,,,418.0,,,,,,,,,,,,,,,,,,,,,,,,,,3,1
18,6,,,books#volume,9wQmtAEACAAJ,M/qwS8x094I,https://www.googleapis.com/books/v1/volumes/9wQmtAEACAAJ,why are all the black kids sitting together in the cafeteria,,Beverly Daniel Tatum,Turtleback Books,2003,"shares examples and current research that support the author's recommendations for ""straight talk"" about racial identity identifying practices that contribute to self-segregation in childhood groups",ISBN_10,061370648X,False,False,294.0,BOOK,Social Science,NOT_MATURE,False,preview-1.0.0,False,False,http://books.google.com/books/content?id=9wQmtAEACAAJ&printsec=frontcover&img=1&zoom=5&source=gbs_api,http://books.google.com/books/content?id=9wQmtAEACAAJ&printsec=frontcover&img=1&zoom=1&source=gbs_api,un,http://books.google.nl/books?id=9wQmtAEACAAJ&dq=intitle:Why+Are+All+the+Black+Kids+Sitting+Together+in+the+Cafeteria&hl=&cd=6&source=gbs_api,http://books.google.nl/books?id=9wQmtAEACAAJ&dq=intitle:Why+Are+All+the+Black+Kids+Sitting+Together+in+the+Cafeteria&hl=&source=gbs_api,https://books.google.com/books/about/Why_Are_All_the_Black_Kids_Sitting_Toget.html?hl=&id=9wQmtAEACAAJ,NL,NOT_FOR_SALE,False,,,,,,,,,,NL,NO_PAGES,False,False,ALLOWED,False,,False,http://play.google.com/books/reader?id=9wQmtAEACAAJ&hl=&printsec=frontcover&source=gbs_api,NONE,False,"Shares examples and current research that support the author&#39;s recommendations for &quot;straight talk&quot; about racial identity, identifying practices that contribute to self-segregation in childhood groups.",4.0,14.0,,,,434.0,,,,,,,,,,,,,,,,,,,,,,,,,,2,1
19,7,books#volumes,360.0,books#volume,8QjEDwAAQBAJ,SVu80MRaeyU,https://www.googleapis.com/books/v1/volumes/8QjEDwAAQBAJ,the torture letters,Reckoning with Police Violence,Laurence Ralph,University of Chicago Press,2020-01-10,torture is an open secret in chicago nobody in power wants to acknowledge this grim reality but everyone knows it happens—and that the torturers are the police three to five new claims are submitted to the torture inquiry and relief commission of illinois each week four hundred cases are currently pending investigation between 1972 and 1991 at least 125 black suspects were tortured by chicago police officers working under former police commander jon burge as the more recent revelations from the homan square “black site” show that brutal period is far from a historical anomaly for more than fifty years police officers who took an oath to protect and serve have instead beaten electrocuted suffocated and raped hundreds—perhaps thousands—of chicago residents in the torture letters laurence ralph chronicles the history of torture in chicago the burgeoning activist movement against police violence and the american public’s complicity in perpetuating torture at home and abroad engaging with a long tradition of epistolary meditations on racism in the united states from james baldwin’s the fire next time to ta-nehisi coates’s between the world and me ralph offers in this book a collection of open letters written to protesters victims students and others through these moving questing enraged letters ralph bears witness to police violence that began in burge’s area two and follows the city’s networks of torture to the global war on terror from vietnam to geneva to guantanamo bay—ralph’s story extends as far as the legacy of american imperialism combining insights from fourteen years of research on torture with testimonies of victims of police violence retired officers lawyers and protesters this is a powerful indictment of police violence and a fierce challenge to all americans to demand an end to the systems that support it with compassion and careful skill ralph uncovers the tangled connections among law enforcement the political machine and the courts in chicago amplifying the voices of torture victims who are still with us—and lending a voice to those long deceased,ISBN_13,9780226729800,True,True,248.0,BOOK,Social Science,NOT_MATURE,True,2.3.2.0.preview.3,False,False,http://books.google.com/books/content?id=8QjEDwAAQBAJ&printsec=frontcover&img=1&zoom=5&edge=curl&source=gbs_api,http://books.google.com/books/content?id=8QjEDwAAQBAJ&printsec=frontcover&img=1&zoom=1&edge=curl&source=gbs_api,un,http://books.google.nl/books?id=8QjEDwAAQBAJ&printsec=frontcover&dq=intitle:The+Torture+Letters&hl=&cd=1&source=gbs_api,https://play.google.com/store/books/details?id=8QjEDwAAQBAJ&source=gbs_api,https://play.google.com/store/books/details?id=8QjEDwAAQBAJ,NL,FOR_SALE,True,19.62,EUR,19.62,EUR,https://play.google.com/store/books/details?id=8QjEDwAAQBAJ&rdid=book-8QjEDwAAQBAJ&rdot=1&source=gbs_api,1.0,listPrice,19620000.0,EUR,NL,PARTIAL,True,False,ALLOWED,True,http://books.google.nl/books/download/The_Torture_Letters-sample-epub.acsm?id=8QjEDwAAQBAJ&format=epub&output=acs4_fulfillment_token&dl_type=sample&source=gbs_api,True,http://play.google.com/books/reader?id=8QjEDwAAQBAJ&hl=&printsec=frontcover&source=gbs_api,SAMPLE,False,"Engaging with a long tradition of epistolary meditations on racism in the United States, from James Baldwin’s The Fire Next Time to Ta-Nehisi Coates’s Between the World and Me, Ralph offers in this book a collection of open letters ...",3.0,1.0,http://books.google.nl/books/download/The_Torture_Letters-sample-pdf.acsm?id=8QjEDwAAQBAJ&format=pdf&output=acs4_fulfillment_token&dl_type=sample&source=gbs_api,,,447.0,,,,,,,,,,,,,,,,,,,,,,,,,,2,3
20,8,books#volumes,153.0,books#volume,f3mRDwAAQBAJ,Eycv/KukCc8,https://www.googleapis.com/books/v1/volumes/f3mRDwAAQBAJ,so you want to talk about race,,Ijeoma Oluo,Hachette UK,2019-09-24,"in this new york times bestseller ijeoma oluo offers a hard-hitting but user-friendly examination of race in america widespread reporting on aspects of white supremacy -- from police brutality to the mass incarceration of black americans -- has put a media spotlight on racism in our society still it is a difficult subject to talk about how do you tell your roommate her jokes are racist why did your sister-in-law take umbrage when you asked to touch her hair -- and how do you make it right how do you explain white privilege to your white privileged friend in so you want to talk about race ijeoma oluo guides readers of all races through subjects ranging from intersectionality and affirmative action to ""model minorities"" in an attempt to make the seemingly impossible possible: honest conversations about race and racism and how they infect almost every aspect of american life ""oluo gives us -- both white people and people of color -- that language to engage in clear constructive and confident dialogue with each other about how to deal with racial prejudices and biases"" -- national book review ""generous and empathetic yet usefully blunt    it's for anyone who wants to be smarter and more empathetic about matters of race and engage in more productive anti-racist action"" -- salon (required reading)",ISBN_13,9781541619227,True,False,272.0,BOOK,Social Science,NOT_MATURE,True,1.8.8.0.preview.2,False,False,http://books.google.com/books/content?id=f3mRDwAAQBAJ&printsec=frontcover&img=1&zoom=5&edge=curl&source=gbs_api,http://books.google.com/books/content?id=f3mRDwAAQBAJ&printsec=frontcover&img=1&zoom=1&edge=curl&source=gbs_api,un,http://books.google.nl/books?id=f3mRDwAAQBAJ&printsec=frontcover&dq=intitle:So+You+Want+to+Talk+About+Race&hl=&cd=1&source=gbs_api,https://play.google.com/store/books/details?id=f3mRDwAAQBAJ&source=gbs_api,https://play.google.com/store/books/details?id=f3mRDwAAQBAJ,NL,FOR_SALE,True,8.49,EUR,8.49,EUR,https://play.google.com/store/books/details?id=f3mRDwAAQBAJ&rdid=book-f3mRDwAAQBAJ&rdot=1&source=gbs_api,1.0,listPrice,8490000.0,EUR,NL,PARTIAL,True,False,ALLOWED_FOR_ACCESSIBILITY,True,http://books.google.nl/books/download/So_You_Want_to_Talk_About_Race-sample-epub.acsm?id=f3mRDwAAQBAJ&format=epub&output=acs4_fulfillment_token&dl_type=sample&source=gbs_api,False,http://play.google.com/books/reader?id=f3mRDwAAQBAJ&hl=&printsec=frontcover&source=gbs_api,SAMPLE,False,"In So You Want to Talk About Race, Ijeoma Oluo guides readers of all races through subjects ranging from intersectionality and affirmative action to &quot;model minorities&quot; in an attempt to make the seemingly impossible possible: honest ...",,,,,,515.0,,,,,,,,,,,,,,,,,,,,,,,,,,4,1
21,9,books#volumes,369.0,books#volume,NmrkCgAAQBAJ,BTIfIXjVA4k,https://www.googleapis.com/books/v1/volumes/NmrkCgAAQBAJ,i'm still here,,Clélie Avit,Hachette UK,2016-07-14,a modern-day sleeping beauty story of love and hope perfect for fans of jojo moyes 'a rare and beautiful novel' (daily mail) elsa has been in a coma for five months with all hope of reviving her gone her family must face the devastating fact that it might be time to turn off her life support what they don't know is that in the past few weeks elsa has regained partial consciousness - she just has no way of telling them thibault is in the same hospital visiting his brother and seeking a retreat finds his way into elsa's room when he begins to talk to her he doesn't realise she can hear every word - and that he is giving her a reason to wake up and so begins a love story that might just save both their lives,ISBN_13,9781473626751,True,False,240.0,BOOK,Fiction,NOT_MATURE,True,1.5.6.0.preview.2,False,False,http://books.google.com/books/content?id=NmrkCgAAQBAJ&printsec=frontcover&img=1&zoom=5&edge=curl&source=gbs_api,http://books.google.com/books/content?id=NmrkCgAAQBAJ&printsec=frontcover&img=1&zoom=1&edge=curl&source=gbs_api,un,http://books.google.nl/books?id=NmrkCgAAQBAJ&printsec=frontcover&dq=intitle:I%27m+Still+Here&hl=&cd=1&source=gbs_api,https://play.google.com/store/books/details?id=NmrkCgAAQBAJ&source=gbs_api,https://play.google.com/store/books/details?id=NmrkCgAAQBAJ,NL,FOR_SALE,True,3.99,EUR,3.99,EUR,https://play.google.com/store/books/details?id=NmrkCgAAQBAJ&rdid=book-NmrkCgAAQBAJ&rdot=1&source=gbs_api,1.0,listPrice,3990000.0,EUR,NL,PARTIAL,True,False,ALLOWED_FOR_ACCESSIBILITY,True,http://books.google.nl/books/download/I_m_Still_Here-sample-epub.acsm?id=NmrkCgAAQBAJ&format=epub&output=acs4_fulfillment_token&dl_type=sample&source=gbs_api,False,http://play.google.com/books/reader?id=NmrkCgAAQBAJ&hl=&printsec=frontcover&source=gbs_api,SAMPLE,False,"A modern-day Sleeping Beauty story of love and hope, perfect for fans of Jojo Moyes.",3.5,4.0,,,,570.0,,,,,,,,,,,,,,,,,,,,,,,,,,0,4
22,10,books#volumes,371.0,books#volume,x86F6sP0z5AC,9rOi0rPFNVs,https://www.googleapis.com/books/v1/volumes/x86F6sP0z5AC,one love,,Cedella Marley,Chronicle Books,2011-08-26,adapted from one of bob marley's most beloved songs one love brings the joyful spirit and unforgettable lyrics of his music to life for a new generation readers will delight in dancing to the beat and feeling the positive groove of change when one girl enlists her community to help transform her neighborhood for the better adapted by cedella marley bob marley's first child and gorgeously illustrated by vanessa newton this heartwarming picture book offers an upbeat testament to the amazing things that can happen when we all get together with one love in our hearts,ISBN_13,9781452110196,True,True,32.0,BOOK,Juvenile Fiction,NOT_MATURE,True,3.5.3.0.preview.3,False,False,http://books.google.com/books/content?id=x86F6sP0z5AC&printsec=frontcover&img=1&zoom=5&edge=curl&source=gbs_api,http://books.google.com/books/content?id=x86F6sP0z5AC&printsec=frontcover&img=1&zoom=1&edge=curl&source=gbs_api,un,http://books.google.nl/books?id=x86F6sP0z5AC&printsec=frontcover&dq=intitle:One+Love&hl=&cd=1&source=gbs_api,https://play.google.com/store/books/details?id=x86F6sP0z5AC&source=gbs_api,https://play.google.com/store/books/details?id=x86F6sP0z5AC,NL,FOR_SALE,True,8.71,EUR,5.92,EUR,https://play.google.com/store/books/details?id=x86F6sP0z5AC&rdid=book-x86F6sP0z5AC&rdot=1&source=gbs_api,1.0,listPrice,8710000.0,EUR,NL,PARTIAL,True,False,ALLOWED_FOR_ACCESSIBILITY,True,http://books.google.nl/books/download/One_Love-sample-epub.acsm?id=x86F6sP0z5AC&format=epub&output=acs4_fulfillment_token&dl_type=sample&source=gbs_api,True,http://play.google.com/books/reader?id=x86F6sP0z5AC&hl=&printsec=frontcover&source=gbs_api,SAMPLE,False,"Adapted by Cedella Marley, Bob Marley&#39;s first child, and gorgeously illustrated by Vanessa Newton, this heartwarming picture book offers an upbeat testament to the amazing things that can happen when we all get together with one love in our ...",3.5,10.0,http://books.google.nl/books/download/One_Love-sample-pdf.acsm?id=x86F6sP0z5AC&format=pdf&output=acs4_fulfillment_token&dl_type=sample&source=gbs_api,Bob Marley,,648.0,,,,,,,,,,,,,,,,,,,,,,,,,,0,4
23,11,books#volumes,1.0,books#volume,ZNAwjgEACAAJ,KZhwj8KRpw4,https://www.googleapis.com/books/v1/volumes/ZNAwjgEACAAJ,drag teen,,Jeffery Self,PUSH,2016,a fantastic fabulous funny ya debut from jeffery self one of the gay icons of the youtube generation debut author jeffery self takes us on a road trip with an insecure high school senior who was one goal: to be the first in his family to leave clearwater florida and go to college the problem is he has zero means of paying for school - until his friends convince him to compete in a drag teen competition for a college scholarship,ISBN_10,0545829933,False,False,261.0,BOOK,Young Adult Fiction,NOT_MATURE,False,preview-1.0.0,False,False,http://books.google.com/books/content?id=ZNAwjgEACAAJ&printsec=frontcover&img=1&zoom=5&source=gbs_api,http://books.google.com/books/content?id=ZNAwjgEACAAJ&printsec=frontcover&img=1&zoom=1&source=gbs_api,un,http://books.google.nl/books?id=ZNAwjgEACAAJ&dq=isbn:9780545829939%C2%A0&hl=&cd=1&source=gbs_api,http://books.google.nl/books?id=ZNAwjgEACAAJ&dq=isbn:9780545829939%C2%A0&hl=&source=gbs_api,https://books.google.com/books/about/Drag_Teen.html?hl=&id=ZNAwjgEACAAJ,NL,NOT_FOR_SALE,False,,,,,,,,,,NL,NO_PAGES,False,False,ALLOWED,False,,False,http://play.google.com/books/reader?id=ZNAwjgEACAAJ&hl=&printsec=frontcover&source=gbs_api,NONE,False,"JT is a gay high school senior determined to get out of Clearwater, Florida, and be the first person in his family to go to college, even though he can not figure out how to pay for it--until his friends convince him to compete in a drag ...",3.0,3.0,,,,721.0,,,,,,,,,,,,,,,,,,,,,,,,,,0,3
24,12,books#volumes,1.0,books#volume,Utv4DAAAQBAJ,sf7KqPIcrSY,https://www.googleapis.com/books/v1/volumes/Utv4DAAAQBAJ,you can't touch my hair,And Other Things I Still Have to Explain,Phoebe Robinson,Penguin,2016,introduction -- from little rock nine to nappy hair don't care in eighteen & half-ish years -- a brief history of black hair in film tv music & media -- my nine favorite guilty pleasures -- welcome to being black -- dear future female president: my list of demands -- how to avoid being the black friend -- uppity -- casting calls for people of color that were not written by people of color -- the angry black woman myth -- people places & things that need to do better -- letters to olivia,ISBN_13,9780143129202,False,False,285.0,BOOK,African American women,NOT_MATURE,False,0.3.0.0.preview.0,False,False,http://books.google.com/books/content?id=Utv4DAAAQBAJ&printsec=frontcover&img=1&zoom=5&source=gbs_api,http://books.google.com/books/content?id=Utv4DAAAQBAJ&printsec=frontcover&img=1&zoom=1&source=gbs_api,un,http://books.google.nl/books?id=Utv4DAAAQBAJ&dq=isbn:9780143129202%C2%A0&hl=&cd=1&source=gbs_api,http://books.google.nl/books?id=Utv4DAAAQBAJ&dq=isbn:9780143129202%C2%A0&hl=&source=gbs_api,https://books.google.com/books/about/You_Can_t_Touch_My_Hair.html?hl=&id=Utv4DAAAQBAJ,NL,NOT_FOR_SALE,False,,,,,,,,,,NL,NO_PAGES,False,False,ALLOWED,False,,False,http://play.google.com/books/reader?id=Utv4DAAAQBAJ&hl=&printsec=frontcover&source=gbs_api,NONE,False,"Introduction -- From Little Rock Nine to nappy hair, don&#39;t care in eighteen &amp; half-ish years -- A brief history of black hair in film, tv, music, &amp; media -- My nine favorite guilty pleasures -- Welcome to being black -- Dear future female ...",4.0,10.0,,,,723.0,,,,,,,,,,,,,,,,,,,,,,,,,,0,3
25,13,books#volumes,345.0,books#volume,R0LazQEACAAJ,CRvCbC5GUgs,https://www.googleapis.com/books/v1/volumes/R0LazQEACAAJ,no common ground,Confederate Monuments and the Ongoing Fight for Racial Justice,Karen L. Cox,,2021-03-08,"when it comes to confederate monuments there is no common ground polarizing debates over their meaning have intensified into legislative maneuvering to preserve the statues legal battles to remove them and rowdy crowds taking matters into their own hands these conflicts have raged for well over a century--but they've never been as intense as they are today in this eye-opening narrative of the efforts to raise preserve protest and remove confederate monuments karen l cox depicts what these statues meant to those who erected them and how a movement arose to force a reckoning she lucidly shows the forces that drove white southerners to construct beacons of white supremacy as well as the ways that antimonument sentiment largely stifled during the jim crow era returned with the civil rights movement and gathered momentum in the decades after the voting rights act of 1965 monument defenders responded with gerrymandering and ""heritage"" laws intended to block efforts to remove these statues but hard as they worked to preserve the lost cause vision of southern history civil rights activists black elected officials and movements of ordinary people fought harder to take the story back timely accessible and essential no common ground is the story of the seemingly invincible stone sentinels that are just beginning to fall from their pedestals",ISBN_10,1469662671,False,False,192.0,BOOK,,NOT_MATURE,False,preview-1.0.0,False,False,http://books.google.com/books/content?id=R0LazQEACAAJ&printsec=frontcover&img=1&zoom=5&source=gbs_api,http://books.google.com/books/content?id=R0LazQEACAAJ&printsec=frontcover&img=1&zoom=1&source=gbs_api,un,http://books.google.nl/books?id=R0LazQEACAAJ&dq=intitle:No+Common+Ground&hl=&cd=1&source=gbs_api,http://books.google.nl/books?id=R0LazQEACAAJ&dq=intitle:No+Common+Ground&hl=&source=gbs_api,https://books.google.com/books/about/No_Common_Ground.html?hl=&id=R0LazQEACAAJ,NL,NOT_FOR_SALE,False,,,,,,,,,,NL,NO_PAGES,False,False,ALLOWED,False,,False,http://play.google.com/books/reader?id=R0LazQEACAAJ&hl=&printsec=frontcover&source=gbs_api,NONE,False,Rewriting history in stone -- From bereavement to vindication -- Confederate culture and the struggle for civil rights -- Monuments and the battle for first-class citizenship -- Debating removal in a changing political landscape -- ...,,,,,,725.0,,,,,,,,,,,,,,,,,,,,,,,,,,0,3
26,14,books#volumes,1.0,books#volume,YoGJDQAAQBAJ,nJFTCZlaacY,https://www.googleapis.com/books/v1/volumes/YoGJDQAAQBAJ,between the world and me,,Ta-Nehisi Coates,One World,2015,"hailed by toni morrison as ""required reading"" a bold and personal literary exploration of america's racial history by ""the single best writer on the subject of race in the united states"" (the new york observer)#1 new york times bestseller | national book award winner | naacp image award winner | pulitzer prize finalist | national book critics circle award finalist | named one of the ten best books of the year by the new york times book review o: the oprah magazine the washington post people entertainment weekly vogue los angeles times san francisco chronicle chicago tribune new york",ISBN_13,9780812993547,False,False,152.0,BOOK,Biography & Autobiography,NOT_MATURE,False,0.4.1.0.preview.0,False,False,http://books.google.com/books/content?id=YoGJDQAAQBAJ&printsec=frontcover&img=1&zoom=5&source=gbs_api,http://books.google.com/books/content?id=YoGJDQAAQBAJ&printsec=frontcover&img=1&zoom=1&source=gbs_api,un,http://books.google.nl/books?id=YoGJDQAAQBAJ&dq=isbn:9780812993547%C2%A0&hl=&cd=1&source=gbs_api,http://books.google.nl/books?id=YoGJDQAAQBAJ&dq=isbn:9780812993547%C2%A0&hl=&source=gbs_api,https://books.google.com/books/about/Between_the_World_and_Me.html?hl=&id=YoGJDQAAQBAJ,NL,NOT_FOR_SALE,False,,,,,,,,,,NL,NO_PAGES,False,False,ALLOWED,False,,False,http://play.google.com/books/reader?id=YoGJDQAAQBAJ&hl=&printsec=frontcover&source=gbs_api,NONE,False,"Hailed by Toni Morrison as &quot;required reading,&quot; a bold and personal literary exploration of America&#39;s racial history by &quot;the single best writer on the subject of race in the United States&quot; (The New York Observer)#1 NEW YORK TIMES BESTSELLER ...",4.5,2693.0,,,,787.0,,,,,,,,,,,,,,,,,,,,,,,,,,2,2
27,15,,,books#volume,ZkEoAwAAQBAJ,Wv1Zpo7ytzY,https://www.googleapis.com/books/v1/volumes/ZkEoAwAAQBAJ,an indigenous peoples' history of the united states,,Roxanne Dunbar-Ortiz,Beacon Press,2014-09-16,2015 recipient of the american book award the first history of the united states told from the perspective of indigenous peoples today in the united states there are more than five hundred federally recognized indigenous nations comprising nearly three million people descendants of the fifteen million native people who once inhabited this land the centuries-long genocidal program of the us settler-colonial regimen has largely been omitted from history now for the first time acclaimed historian and activist roxanne dunbar-ortiz offers a history of the united states told from the perspective of indigenous peoples and reveals how native americans for centuries actively resisted expansion of the us empire in an indigenous peoples’ history of the united states dunbar-ortiz adroitly challenges the founding myth of the united states and shows how policy against the indigenous peoples was colonialist and designed to seize the territories of the original inhabitants displacing or eliminating them and as dunbar-ortiz reveals this policy was praised in popular culture through writers like james fenimore cooper and walt whitman and in the highest offices of government and the military shockingly as the genocidal policy reached its zenith under president andrew jackson its ruthlessness was best articulated by us army general thomas s jesup who in 1836 wrote of the seminoles: “the country can be rid of them only by exterminating them” spanning more than four hundred years this classic bottom-up peoples’ history radically reframes us history and explodes the silences that have haunted our national narrative,ISBN_13,9780807000410,True,False,312.0,BOOK,History,NOT_MATURE,True,1.5.4.0.preview.2,False,False,http://books.google.com/books/content?id=ZkEoAwAAQBAJ&printsec=frontcover&img=1&zoom=5&edge=curl&source=gbs_api,http://books.google.com/books/content?id=ZkEoAwAAQBAJ&printsec=frontcover&img=1&zoom=1&edge=curl&source=gbs_api,en,http://books.google.nl/books?id=ZkEoAwAAQBAJ&pg=PT163&dq=intitle:An+Indigenous+Peoples%27+History+of+the+United+States&hl=&cd=5&source=gbs_api,https://play.google.com/store/books/details?id=ZkEoAwAAQBAJ&source=gbs_api,https://play.google.com/store/books/details?id=ZkEoAwAAQBAJ,NL,FOR_SALE,True,24.97,EUR,24.97,EUR,https://play.google.com/store/books/details?id=ZkEoAwAAQBAJ&rdid=book-ZkEoAwAAQBAJ&rdot=1&source=gbs_api,1.0,listPrice,24970000.0,EUR,NL,PARTIAL,True,False,ALLOWED,True,http://books.google.nl/books/download/An_Indigenous_Peoples_History_of_the_Uni-sample-epub.acsm?id=ZkEoAwAAQBAJ&format=epub&output=acs4_fulfillment_token&dl_type=sample&source=gbs_api,False,http://play.google.com/books/reader?id=ZkEoAwAAQBAJ&hl=&printsec=frontcover&source=gbs_api,SAMPLE,False,Roosevelt administration&#39;s programs to combat economic collapse included an <br>\nacknowledgment of <b>Indigenous</b> self-determination. Roosevelt appointed <br>\nanthropologist and self-identified socialist John Collier as <b>US</b> commissioner of <br>\n<b>Indian</b>&nbsp;...,4.0,9.0,,,,895.0,,,,,,,,,,,,,,,,,,,,,,,,,,4,3
28,16,books#volumes,8.0,books#volume,zsH1DQAAQBAJ,XfJ8BOSp7L8,https://www.googleapis.com/books/v1/volumes/zsH1DQAAQBAJ,i am not your perfect mexican daughter,,Erika L. Sánchez,Knopf Books for Young Readers,2017-10-17,national book award finalist instant new york times bestseller the absolutely true diary of a part-time indian meets jane the virgin in this poignant but often laugh-out-loud funny contemporary ya about losing a sister and finding yourself amid the pressures expectations and stereotypes of growing up in a mexican-american home perfect mexican daughters do not go away to college and they do not move out of their parents’ house after high school graduation perfect mexican daughters never abandon their family but julia is not your perfect mexican daughter that was olga’s role then a tragic accident on the busiest street in chicago leaves olga dead and julia left behind to reassemble the shattered pieces of her family and no one seems to acknowledge that julia is broken too instead her mother seems to channel her grief into pointing out every possible way julia has failed but it’s not long before julia discovers that olga might not have been as perfect as everyone thought with the help of her best friend lorena and her first love first everything boyfriend connor julia is determined to find out was olga really what she seemed or was there more to her sister’s story and either way how can julia even attempt to live up to a seemingly impossible ideal “alive and crackling—a gritty tale wrapped in a page-turner ”—the new york times “unique and fresh” —entertainment weekly “a standout” —npr,ISBN_13,9781524700508,True,False,352.0,BOOK,Young Adult Fiction,NOT_MATURE,True,1.6.5.0.preview.2,False,False,http://books.google.com/books/content?id=zsH1DQAAQBAJ&printsec=frontcover&img=1&zoom=5&edge=curl&source=gbs_api,http://books.google.com/books/content?id=zsH1DQAAQBAJ&printsec=frontcover&img=1&zoom=1&edge=curl&source=gbs_api,un,http://books.google.nl/books?id=zsH1DQAAQBAJ&printsec=frontcover&dq=intitle:I+Am+Not+Your+Perfect+Mexican+Daughter&hl=&cd=1&source=gbs_api,https://play.google.com/store/books/details?id=zsH1DQAAQBAJ&source=gbs_api,https://play.google.com/store/books/details?id=zsH1DQAAQBAJ,NL,FOR_SALE,True,9.72,EUR,9.72,EUR,https://play.google.com/store/books/details?id=zsH1DQAAQBAJ&rdid=book-zsH1DQAAQBAJ&rdot=1&source=gbs_api,1.0,listPrice,9720000.0,EUR,NL,PARTIAL,True,False,ALLOWED_FOR_ACCESSIBILITY,True,http://books.google.nl/books/download/I_Am_Not_Your_Perfect_Mexican_Daughter-sample-epub.acsm?id=zsH1DQAAQBAJ&format=epub&output=acs4_fulfillment_token&dl_type=sample&source=gbs_api,False,http://play.google.com/books/reader?id=zsH1DQAAQBAJ&hl=&printsec=frontcover&source=gbs_api,SAMPLE,False,National Book Award Finalist!,,,,,,961.0,,,,,,,,,,,,,,,,,,,,,,,,,,0,4
29,17,books#volumes,211.0,books#volume,jBsJ3_jZpYgC,fZsIWExGU+Y,https://www.googleapis.com/books/v1/volumes/jBsJ3_jZpYgC,when she woke,,Hillary Jordan,HarperCollins UK,2012-04-12,hannah payne is a red her crime: murder and her victim says the state of texas was her unborn child,ISBN_13,9780007456734,True,False,352.0,BOOK,Fiction,NOT_MATURE,True,1.4.4.0.preview.2,False,False,http://books.google.com/books/content?id=jBsJ3_jZpYgC&printsec=frontcover&img=1&zoom=5&edge=curl&source=gbs_api,http://books.google.com/books/content?id=jBsJ3_jZpYgC&printsec=frontcover&img=1&zoom=1&edge=curl&source=gbs_api,un,http://books.google.nl/books?id=jBsJ3_jZpYgC&printsec=frontcover&dq=intitle:When+She+Woke&hl=&cd=1&source=gbs_api,https://play.google.com/store/books/details?id=jBsJ3_jZpYgC&source=gbs_api,https://play.google.com/store/books/details?id=jBsJ3_jZpYgC,NL,FOR_SALE,True,6.99,EUR,5.24,EUR,https://play.google.com/store/books/details?id=jBsJ3_jZpYgC&rdid=book-jBsJ3_jZpYgC&rdot=1&source=gbs_api,1.0,listPrice,6990000.0,EUR,NL,PARTIAL,False,False,ALLOWED_FOR_ACCESSIBILITY,True,http://books.google.nl/books/download/When_She_Woke-sample-epub.acsm?id=jBsJ3_jZpYgC&format=epub&output=acs4_fulfillment_token&dl_type=sample&source=gbs_api,False,http://play.google.com/books/reader?id=jBsJ3_jZpYgC&hl=&printsec=frontcover&source=gbs_api,SAMPLE,False,"Hannah Payne is a RED. Her crime: MURDER. And her victim, says the state of Texas, was her unborn child.",4.0,119.0,,,,975.0,,,,,,,,,,,,,,,,,,,,,,,,,,1,4
30,18,books#volumes,327.0,books#volume,9b8TEAAAQBAJ,UQcTSnt9lpU,https://www.googleapis.com/books/v1/volumes/9b8TEAAAQBAJ,traveling black,A Story of Race and Resistance,Mia Bay,Belknap Press,2021-03-23,what was it like to travel while black under jim crow mia bay brings this dramatic history to life with gripping stories and a close eye on the rail bus and airline operators who implemented segregation she shows why access to unrestricted mobility has been central to the black freedom struggle since reconstruction and remains so today,ISBN_13,9780674979963,False,True,400.0,BOOK,History,NOT_MATURE,False,preview-1.0.0,False,False,http://books.google.com/books/content?id=9b8TEAAAQBAJ&printsec=frontcover&img=1&zoom=5&edge=curl&source=gbs_api,http://books.google.com/books/content?id=9b8TEAAAQBAJ&printsec=frontcover&img=1&zoom=1&edge=curl&source=gbs_api,un,http://books.google.nl/books?id=9b8TEAAAQBAJ&printsec=frontcover&dq=intitle:Traveling+Black&hl=&cd=1&source=gbs_api,http://books.google.nl/books?id=9b8TEAAAQBAJ&dq=intitle:Traveling+Black&hl=&source=gbs_api,https://books.google.com/books/about/Traveling_Black.html?hl=&id=9b8TEAAAQBAJ,NL,NOT_FOR_SALE,False,,,,,,,,,,NL,PARTIAL,True,False,ALLOWED,False,,False,http://play.google.com/books/reader?id=9b8TEAAAQBAJ&hl=&printsec=frontcover&source=gbs_api,SAMPLE,False,What was it like to travel while Black under Jim Crow? Mia Bay brings this dramatic history to life.,,,,,,1049.0,,,,,,,,,,,,,,,,,,,,,,,,,,2,3
31,19,books#volumes,361.0,books#volume,HHfEDAAAQBAJ,YRE6hrGKl2I,https://www.googleapis.com/books/v1/volumes/HHfEDAAAQBAJ,white tears,,Hari Kunzru,Penguin UK,2017-03-14,'like donna tartt's the goldfinch a stunning novel of ideas that becomes a page-turning thriller ' stylist 'a fast-paced ambitious hallucinatory mystery' publishers weekly a dizzying nail-biting ghost story about modern america from the bestselling author of the impressionist two twenty-something new yorkers: seth awkward and shy and carter the trust fund hipster they have one thing in common: an obsession with music rising fast on the new york producing scene they stumble across an old blues song long forgotten by history -- and everything starts to unravel carter is drawn far down a path that allows no return and seth has no choice but to follow his friend into the darkness electrifying subversive and wildly original white tears is a ghost story and a love story a story about lost innocence and historical guilt this unmissable novel penetrates the heart of a nation's darkness encountering a suppressed history of greed envy revenge and exploitation and holding a mirror up to the true nature of america today,ISBN_13,9780241977880,True,False,352.0,BOOK,Fiction,NOT_MATURE,True,1.9.7.0.preview.2,False,False,http://books.google.com/books/content?id=HHfEDAAAQBAJ&printsec=frontcover&img=1&zoom=5&edge=curl&source=gbs_api,http://books.google.com/books/content?id=HHfEDAAAQBAJ&printsec=frontcover&img=1&zoom=1&edge=curl&source=gbs_api,un,http://books.google.nl/books?id=HHfEDAAAQBAJ&printsec=frontcover&dq=intitle:White+Tears&hl=&cd=1&source=gbs_api,https://play.google.com/store/books/details?id=HHfEDAAAQBAJ&source=gbs_api,https://play.google.com/store/books/details?id=HHfEDAAAQBAJ,NL,FOR_SALE,True,11.99,EUR,11.99,EUR,https://play.google.com/store/books/details?id=HHfEDAAAQBAJ&rdid=book-HHfEDAAAQBAJ&rdot=1&source=gbs_api,1.0,listPrice,11990000.0,EUR,NL,PARTIAL,True,False,ALLOWED_FOR_ACCESSIBILITY,True,http://books.google.nl/books/download/White_Tears-sample-epub.acsm?id=HHfEDAAAQBAJ&format=epub&output=acs4_fulfillment_token&dl_type=sample&source=gbs_api,False,http://play.google.com/books/reader?id=HHfEDAAAQBAJ&hl=&printsec=frontcover&source=gbs_api,SAMPLE,False,"This unmissable novel penetrates the heart of a nation&#39;s darkness, encountering a suppressed history of greed, envy, revenge and exploitation, and holding a mirror up to the true nature of America today.",4.0,15.0,,,,1116.0,,,,,,,,,,,,,,,,,,,,,,,,,,3,3
32,20,,,books#volume,AxChzQEACAAJ,B28eyPS9kf4,https://www.googleapis.com/books/v1/volumes/AxChzQEACAAJ,we are grateful,,Amarah Nianda,,2020-03-04,we are grateful is a book written by two amazing young children who believe that all children no matter where they come fromt should try to find beauty in what's around them beauty can only be seen once we are grateful for what we have even if it's not much,ISBN_10,0578673452,False,False,28.0,BOOK,Juvenile Nonfiction,NOT_MATURE,False,preview-1.0.0,False,False,http://books.google.com/books/content?id=AxChzQEACAAJ&printsec=frontcover&img=1&zoom=5&source=gbs_api,http://books.google.com/books/content?id=AxChzQEACAAJ&printsec=frontcover&img=1&zoom=1&source=gbs_api,un,http://books.google.nl/books?id=AxChzQEACAAJ&dq=intitle:We+Are+Grateful&hl=&cd=2&source=gbs_api,http://books.google.nl/books?id=AxChzQEACAAJ&dq=intitle:We+Are+Grateful&hl=&source=gbs_api,https://books.google.com/books/about/We_Are_Grateful.html?hl=&id=AxChzQEACAAJ,NL,NOT_FOR_SALE,False,,,,,,,,,,NL,NO_PAGES,False,False,ALLOWED,False,,False,http://play.google.com/books/reader?id=AxChzQEACAAJ&hl=&printsec=frontcover&source=gbs_api,NONE,False,"We Are Grateful is a book written by two amazing young children who believe that all children, no matter where they come fromt should try to find beauty in what&#39;s around them.",,,,Mulemvo Nianda,,1304.0,,,,,,,,,,,,,,,,,,,,,,,,,,2,0
33,21,books#volumes,2.0,books#volume,jgXBDwAAQBAJ,1WK+6ALAtzQ,https://www.googleapis.com/books/v1/volumes/jgXBDwAAQBAJ,my first little book of intersectional activism,,Titania McGrath,Hachette UK,2020-09-03,'fabulously smart and entertaining    if virtue-signalling wokery drives you as nuts as it drives me you will love it' piers morgan 'required reading for anyone needing an antidote to the mass hysteria of humanity's latest religion' entertainment focus after the success of her debut woke: a guide to social justice radical slam poet and intersectional feminist titania mcgrath has turned her talents to the realm of children's non-fiction aimed at activists from the age of six months to six years titania's book will help cultivate a new progressive generation in a series of groundbreaking and poignant chapters she will take you on a journey with some of the most inspiring individuals in history such as emmeline pankhurst meghan markle nelson mandela hillary clinton and joseph stalin praise for woke: 'beautiful classic satire' ricky gervais 'the latest genius twist in britain's long tradition of satirical spoof' daily express 'titania mcgrath mercilessly satirises the left's online umbrage brigade the permanently offended those who have taken on the role of policing thoughts and words to the point of absurdity' the herald 'hilarious' evening standard 'hilarious' spectator 'hilarious' the times 'utterly unfunny' peter hitchens,ISBN_13,9781472134264,True,False,176.0,BOOK,Humor,NOT_MATURE,True,1.3.3.0.preview.2,False,False,http://books.google.com/books/content?id=jgXBDwAAQBAJ&printsec=frontcover&img=1&zoom=5&edge=curl&source=gbs_api,http://books.google.com/books/content?id=jgXBDwAAQBAJ&printsec=frontcover&img=1&zoom=1&edge=curl&source=gbs_api,un,http://books.google.nl/books?id=jgXBDwAAQBAJ&printsec=frontcover&dq=intitle:My+First+Little+Book+of+Intersectional+Activism&hl=&cd=1&source=gbs_api,https://play.google.com/store/books/details?id=jgXBDwAAQBAJ&source=gbs_api,https://play.google.com/store/books/details?id=jgXBDwAAQBAJ,NL,FOR_SALE,True,2.99,EUR,2.99,EUR,https://play.google.com/store/books/details?id=jgXBDwAAQBAJ&rdid=book-jgXBDwAAQBAJ&rdot=1&source=gbs_api,1.0,listPrice,2990000.0,EUR,NL,PARTIAL,True,False,ALLOWED_FOR_ACCESSIBILITY,True,http://books.google.nl/books/download/My_First_Little_Book_of_Intersectional_A-sample-epub.acsm?id=jgXBDwAAQBAJ&format=epub&output=acs4_fulfillment_token&dl_type=sample&source=gbs_api,False,http://play.google.com/books/reader?id=jgXBDwAAQBAJ&hl=&printsec=frontcover&source=gbs_api,SAMPLE,False,"Aimed at activists from the age of six months to six years, My First Little Book of Intersectional Activism will help cultivate a new progressive generation.",,,,,,1377.0,,,,,,,,,,,,,,,,,,,,,,,,,,0,2
