,results__list_name,results__bestsellers_date,results__published_date,results__books__rank,results__books__primary_isbn10,results__books__primary_isbn13,results__books__description,results__books__title,results__books__author
0,Race and Civil Rights,9/24/2016,10/9/2016,1.0,812993543,9.78E+12,"A meditation on race in America as well as a personal story by the national correspondent of The Atlantic, framed as a letter to his teenage son. Winner of the National Book Award.",BETWEEN THE WORLD AND ME,Ta-Nehisi Coates
6,Race and Civil Rights,9/24/2016,10/9/2016,2.0,081298496X,9.78E+12,A law professor and MacArthur grant recipient's memoir of his decades of work to free innocent people condemned to death.,JUST MERCY,Bryan Stevenson
12,Race and Civil Rights,9/24/2016,10/9/2016,3.0,1595586431,9.78E+12,A law professor takes aim at the “war on drugs” and its impact on black men.,THE NEW JIM CROW,Michelle Alexander
20,Race and Civil Rights,9/24/2016,10/9/2016,4.0,006236359X,9.78E+12,"The story, based in part on interviews, of the black women mathematicians who were hired as “computers” by the precursor of NASA during World War II. The basis of the forthcoming movie.",HIDDEN FIGURES,Margot Lee Shetterly
29,Race and Civil Rights,9/24/2016,10/9/2016,5.0,1603093001,9.78E+12,Representative John Lewis of Georgia describes his childhood and the beginning of his involvement in the civil rights movement. The first volume of a trilogy.,MARCH: BOOK ONE,John Lewis and Andrew Aydin
35,Race and Civil Rights,9/24/2016,10/9/2016,6.0,1603094008,9.78E+12,"Representative John Lewis of Georgia continues his memoir of the civil rights movement. In this volume, he recounts the March on Washington in 1963, among other events.",MARCH: BOOK TWO,John Lewis and Andrew Aydin
41,Race and Civil Rights,9/24/2016,10/9/2016,7.0,1603094024,9.78E+12,"Representative John Lewis of Georgia concludes his memoir of the civil rights movement in this volume, which depicts the Selma March.",MARCH: BOOK THREE,John Lewis and Andrew Aydin
47,Race and Civil Rights,9/24/2016,10/9/2016,8.0,385528205,9.78E+12,"A tale of two Wes Moores: the author, a Rhodes scholar; the other, a man in prison.",THE OTHER WES MOORE,Wes Moore
53,Race and Civil Rights,9/24/2016,10/9/2016,9.0,1555976905,9.78E+12,Prose poems examine the experience of race and racism in our fractured society and include references to recent events.,CITIZEN,Claudia Rankine
59,Race and Civil Rights,9/24/2016,10/9/2016,10.0,1618931717,9.78E+12,"The retired basketball legend shares his views and personal experiences of the racial, religious and political divide, as experienced on and off the court, and his thoughts on solutions.",WRITINGS ON THE WALL,Kareem Abdul-Jabbar and Raymond Obstfeld
65,Race and Civil Rights,2/28/2015,3/15/2015,1.0,,9.78E+12,The investigation of a young black man’s murder in 2007 raises questions about race and the criminal justice system.,GHETTOSIDE,Jill Leovy
79,Race and Civil Rights,2/28/2015,3/15/2015,3.0,1476749051,9.78E+12,Humorous essays on what it is like to be awkward in a world that glorifies cool.,MISADVENTURES OF AWKWARD BLACK GIRL,Issa Rae
91,Race and Civil Rights,2/28/2015,3/15/2015,5.0,812993578,9.78E+12,"A man's quest for a meaningful life through critical moments and places in recent history, from Afghanistan to the White House and Wall Street.",THE WORK,Wes Moore
103,Race and Civil Rights,2/28/2015,3/15/2015,7.0,1480476889,9.78E+12,"The narrative, first published in 1853, of a freeman who was sold into slavery and spent 12 years in bondage before escaping. The basis of the movie.",TWELVE YEARS A SLAVE,Solomon Northup
118,Race and Civil Rights,2/28/2015,3/15/2015,8.0,393244075,9.78E+12,"A history of the Underground Railroad, the network that spirited slaves to freedom in the decades before the Civil War.",GATEWAY TO FREEDOM,Eric Foner
124,Race and Civil Rights,2/28/2015,3/15/2015,9.0,316332763,9.78E+12,The story of Dr. Martin Luther King's final year.,DEATH OF A KING,Tavis Smiley with David Ritz
130,Race and Civil Rights,2/28/2015,3/15/2015,10.0,374534985,9.78E+12,"Four undocumented teenagers, one ugly robot and the battle for the American Dream.",SPARE PARTS,Joshua Davis
142,Race and Civil Rights,2/28/2015,3/15/2015,12.0,147673190X,9.78E+12,The story of a brilliant young man from a New Jersey ghetto who graduated from Yale but was murdered as a drug dealer at age 30.,THE SHORT AND TRAGIC LIFE OF ROBERT PEACE,Jeff Hobbs
148,Race and Civil Rights,2/28/2015,3/15/2015,13.0,62198858,9.78E+12,,EYE ON THE STRUGGLE,James McGrath Morris
154,Race and Civil Rights,2/28/2015,3/15/2015,14.0,826520235,9.78E+12,"A biography of Perry Wallace, the first African American basketball player in the SEC and a look at the collision of race and sports in the South.",STRONG INSIDE,Andrew Maraniss
160,Race and Civil Rights,2/28/2015,3/15/2015,15.0,1416948821,9.78E+12,"The memoir of the 1957 battle to integrate Little Rock's Central High School, by one of the nine students who did so.",WARRIORS DON'T CRY,Melba Pattillo Beals
186,Race and Civil Rights,11/28/2015,12/13/2015,4.0,62203584,9.78E+12,"The Nobel laureate Archbishop Desmond Tutu and his daughter offer a handbook on seeking, giving and accepting forgiveness: a practice they believe is a powerful tool toward renewing and releasing all relationships at home and in the world.",THE BOOK OF FORGIVING,Desmond Tutu
210,Race and Civil Rights,11/28/2015,12/13/2015,8.0,1250044634,9.78E+12,A doctor reflects on race and medicine.,BLACK MAN IN A WHITE COAT,Damon Tweedy
216,Race and Civil Rights,11/28/2015,12/13/2015,9.0,307378454,9.78E+12,A memoir by the Pulitzer Prize-winning critic explores the complications of life as a member of Chicago's black elite.,NEGROLAND,Margo Jefferson
222,Race and Civil Rights,11/28/2015,12/13/2015,10.0,1619025736,9.78E+12,"The paths of free and enslaved Africans are part of the memory, history, and constructs of race and of race relations in the American landscape.",TRACE,Lauret Savoy
242,Race and Civil Rights,5/30/2015,6/14/2015,3.0,1590793099,9.78E+12,A Constitutional attorney describes a nation on the verge of undermining the basic freedoms guaranteed to the citizenry in the Constitution.,BATTLEFIELD AMERICA,John W Whitehead
293,Race and Civil Rights,5/30/2015,6/14/2015,10.0,345511018,9.78E+12,"The memoir of the youngest of the Little Rock Nine, who integrated Little Rock Central High School in 1951.",A MIGHTY LONG WAY,Carlotta Walls Lanier
305,Race and Civil Rights,5/30/2015,6/14/2015,12.0,307962660,9.78E+12,,ORDINARY LIGHT,Tracy K Smith
311,Race and Civil Rights,5/30/2015,6/14/2015,13.0,1594204292,9.78E+12,Domestic terrorism and the radical underground movement in 1970s-era America.,DAYS OF RAGE,Bryan Burrough
317,Race and Civil Rights,5/30/2015,6/14/2015,14.0,393339726,9.78E+12,How stereotypes affect us and what we can do about it.,WHISTLING VIVALDI,Claude M Steele
323,Race and Civil Rights,5/30/2015,6/14/2015,15.0,1615192530,9.78E+12,"A German-Nigerian woman discovers that her grandfather was Amon Goeth, the ruthless Nazi commandant depicted in ""Schindler's List.""",MY GRANDFATHER WOULD HAVE SHOT ME,Jennifer Teege and Nikola Sellmair
355,Race and Civil Rights,6/25/2016,7/10/2016,5.0,307407373,9.78E+12,The first African American on the White House Secret Service detail and his quest for justice after the assassination of John F. Kennedy.,THE ECHO FROM DEALEY PLAZA,Abraham Bolden
361,Race and Civil Rights,6/25/2016,7/10/2016,6.0,440423295,9.78E+12,"The unconscious influence of our preconceived judgments about traits such as age, gender, race, ethnicity, religion, class, sexuality, disability and nationality.",BLINDSPOT: HIDDEN BIASES OF GOOD PEOPLE,Mahzarin R Banaji and Anthony G Greenwald
367,Race and Civil Rights,6/25/2016,7/10/2016,7.0,62458345,9.78E+12,"The murder of Michael Donald in 1981 by two members of the Alabama Ku Klux Klan, and the courtroom battle that was waged by civil rights lawyer Morris Dees to topple the organization.",LYNCHING,Laurence Leamer
373,Race and Civil Rights,6/25/2016,7/10/2016,8.0,375760210,9.78E+12,A manifesto by a Yale Law School professor calling for a redefinition of civil rights in our law and culture.,COVERING,Kenji Yoshino
385,Race and Civil Rights,6/25/2016,7/10/2016,10.0,1493015702,9.78E+12,"Detroit in the 1930s had the Tigers, Lions and Red Wings, but it also had the Black Legion, an association of racist murderers.",TERROR IN THE CITY OF CHAMPIONS,Tom Stanton
391,Race and Civil Rights,12/31/2016,1/15/2017,1.0,399588175,9.78E+12,"A memoir about growing up in South Africa by the comedian, now the host of “The Daily Show,” whose birth was the result of an illegal (under apartheid) relationship between a white Swiss father and a black Xhosa mother.",BORN A CRIME,Trevor Noah
426,Race and Civil Rights,12/31/2016,1/15/2017,6.0,1603093958,9.78E+12,All three volumes of Representative John Lewis's memoir of the civil rights movement are collected here.,MARCH TRILOGY,John Lewis and Andrew Aydin
444,Race and Civil Rights,12/31/2016,1/15/2017,9.0,143129201,9.78E+12,"Essays by a stand-up comic on topics like race, gender, dating and feminism.",YOU CAN'T TOUCH MY HAIR,Phoebe Robinson
450,Race and Civil Rights,12/31/2016,1/15/2017,10.0,1568584636,9.78E+12,The Definitive History of Racist Ideas in America.,STAMPED FROM THE BEGINNING,Ibram X Kendi
527,Race and Civil Rights,4/25/2015,5/10/2015,11.0,1610393546,9.78E+12,,THE CLASS OF '65,Jim Auchmutey
533,Race and Civil Rights,4/25/2015,5/10/2015,12.0,1418525650,9.78E+12,The unlikely friendship between a homeless drifter and a successful art dealer who meet at a shelter in Texas.,SAME KIND OF DIFFERENT AS ME,Ron Hall and Denver Moore with Lynn Vincent
584,Race and Civil Rights,5/28/2016,6/12/2016,5.0,807006408,9.78E+12,An experienced educator provides fresh practical tools to ignite and fully engage the eagerness of learning for students and also their teachers.,FOR WHITE FOLKS WHO TEACH IN THE HOOD... AND THE REST OF Y'ALL TOO,Christopher Emdin
608,Race and Civil Rights,5/28/2016,6/12/2016,9.0,679763880,9.78E+12,"An account of the Great Migration of 1915-70, in which six million African-Americans abandoned the South.",THE WARMTH OF OTHER SUNS,Isabel Wilkerson
656,Race and Civil Rights,11/29/2014,12/14/2014,5.0,046500296X,9.78E+12,Slavery and the making of American capitalism.,THE HALF HAS NEVER BEEN TOLD,Edward E Baptist
668,Race and Civil Rights,11/29/2014,12/14/2014,7.0,1593095058,9.78E+12,"A biography of the four-time mayor of Washington, D. C.",MAYOR FOR LIFE,Marion Barry Jr and Omar Tyree
680,Race and Civil Rights,11/29/2014,12/14/2014,9.0,1476798109,9.78E+12,"A guide to inter-racial harmony in ""post-racial"" America.",DEAR WHITE PEOPLE,Justin Simien
712,Race and Civil Rights,11/29/2014,12/14/2014,14.0,1594037256,9.78E+12,,PLEASE STOP HELPING US,Jason L Riley
718,Race and Civil Rights,11/29/2014,12/14/2014,15.0,807003522,9.78E+12,,BLACK PROPHETIC FIRE,a dialogue between Cornel West and Christa Buschendorf
768,Race and Civil Rights,8/27/2016,9/11/2016,8.0,1594038759,9.78E+12,"The author expands on her reporting on the ""Ferguson effect,"" the criminal-justice system and the Black Lives Matter movement.",THE WAR ON COPS,Heather Mac Donald
774,Race and Civil Rights,8/27/2016,9/11/2016,9.0,1501126342,9.78E+12,Essays and poems about race in America from a new generation of writers.,THE FIRE THIS TIME,edited  Jesmyn Ward
780,Race and Civil Rights,8/27/2016,9/11/2016,10.0,1501124943,9.78E+12,"Casualties of America's war on its most vulnerable citizens, from Ferguson to Flint and beyond.",NOBODY,Marc Lamont Hill
806,Race and Civil Rights,12/26/2015,1/10/2016,4.0,375713964,9.78E+12,The history of the fabric and its dominance as a coveted global commodity -- one that led to the enslavement of African workers by planters and which today drives modern capitalism.,EMPIRE OF COTTON,Sven Beckert
843,Race and Civil Rights,12/26/2015,1/10/2016,10.0,316244619,9.78E+12,"Courage, change and basketball's lost triumph.",THE SECRET GAME,Scott Ellsworth
869,Race and Civil Rights,3/26/2016,4/10/2016,4.0,307829162,9.78E+12,An account of the O. J. Simpson trial by a journalist and former prosecutor. Originally published in 1996.,THE RUN OF HIS LIFE,Jeffrey Toobin
881,Race and Civil Rights,3/26/2016,4/10/2016,6.0,054438766X,9.78E+12,Barack Obama and the politics of race in America.,THE BLACK PRESIDENCY,Michael Eric Dyson
887,Race and Civil Rights,3/26/2016,4/10/2016,7.0,1101965169,9.78E+12,Finding common ground and advancing the common good.,UNITED,Cory Booker
899,Race and Civil Rights,3/26/2016,4/10/2016,9.0,1620971151,9.78E+12,How the demographic revolution has created a new American majority.,BROWN IS THE NEW WHITE,Steve Phillips
988,Race and Civil Rights,1/31/2015,2/15/2015,12.0,807012823,9.78E+12,,THE RADICAL KING,"Martin Luther King, Jrand"
1032,Race and Civil Rights,10/29/2016,11/13/2016,4.0,316337544,9.78E+12,"In 1899, in Truevine, Virginia, two African-American brothers were kidnapped and made to perform in a traveling circus; their mother spent 28 years searching for them.",TRUEVINE,Beth Macy
1071,Race and Civil Rights,10/29/2016,11/13/2016,10.0,316300675,9.78E+12,"The story of Ryan Speedo Green, who transcended his daunting childhood to emerge as an opera singer.",SING FOR YOUR LIFE,Dan Bergner
1115,Race and Civil Rights,11/26/2016,12/11/2016,7.0,316312479,9.78E+12,"Hundreds of interviews conducted by a Washington Post reporter as he closely examines police violence and civil protests in Baltimore, Maryland; Ferguson, Missouri; Cleveland, Ohio; and Charleston, South Carolina. \n",THEY CAN'T KILL US ALL,Wesley Lowery
1215,Race and Civil Rights,12/27/2014,1/11/2015,11.0,544228049,9.78E+12,A coming of age memoir that captures the formative turbulent early experiences of the New York Times columnist.,FIRE SHUT UP IN MY BONES,Charles M Blow
1227,Race and Civil Rights,12/27/2014,1/11/2015,13.0,1594633355,9.78E+12,,GOD'LL CUT YOU DOWN,John Safran
1239,Race and Civil Rights,12/27/2014,1/11/2015,15.0,199778809,9.78E+12,"Race, law and justice in 1870s New Orleans.",THE GREAT NEW ORLEANS KIDNAPPING CASE,Michael A Ross
1277,Race and Civil Rights,2/27/2016,3/13/2016,6.0,1587433427,9.78E+12,How people of spiritual faith can work together to eliminate racism and to create bridges between divided and diverse cultures.,AMERICA'S ORIGINAL SIN,Jim Wallis
1301,Race and Civil Rights,2/27/2016,3/13/2016,10.0,802195946,9.78E+12,"The four hundred year history, from Dutch Village to capital of Black America.",HARLEM,Jonathan Gill
1351,Race and Civil Rights,7/30/2016,8/14/2016,8.0,399588248,9.78E+12,"Fifty years of the New Yorker magazine writer's articles on rare and racism, from the 1960s to the present.","JACKSON, 1964",Calvin Trillin
1357,Race and Civil Rights,7/30/2016,8/14/2016,9.0,1568585284,9.78E+12,"The complex cultural, political and personal experience of being a black man in America today.","INVISIBLE MAN, GOT THE WHOLE WORLD WATCHING",Mychal Denzel Smith
1363,Race and Civil Rights,7/30/2016,8/14/2016,10.0,1632864126,9.78E+12,"An historian documents a long timeline and pattern in which social, legal and economic advances for African Americans have been countered with systemic and deliberate opposition.",WHITE RAGE,Carol Anderson
1419,Race and Civil Rights,9/26/2015,10/11/2015,9.0,307957195,9.78E+12,Thurgood Marshall and his nomination to the Supreme Court.,SHOWDOWN,Wil Haygood
1451,Race and Civil Rights,6/27/2015,7/12/2015,4.0,62097717,9.78E+12,"The Pulitzer Prize-winning account of four black men who were falsely accused of raping a 17-year-old white woman in Groveland, Fla., in 1949.",DEVIL IN THE GROVE,Gilbert King
1475,Race and Civil Rights,6/27/2015,7/12/2015,8.0,807014524,9.78E+12,Courage and healing in one of America's toughest communities.,PROJECT FATHERHOOD,Jorja Leap
1487,Race and Civil Rights,6/27/2015,7/12/2015,10.0,62268678,9.78E+12,The period after the Brown v. Board of Education decision when one Virginia school system refused to integrate.,SOMETHING MUST BE DONE ABOUT PRINCE EDWARD COUNTY,Kristen Green
1506,Race and Civil Rights,6/27/2015,7/12/2015,13.0,1476799830,9.78E+12,,REACH,edited  Benjamin Jealous and Trabian Shorters
1512,Race and Civil Rights,6/27/2015,7/12/2015,14.0,312661053,9.78E+12,,CLAUDETTE COLVIN,Phillip Hoose
1613,Race and Civil Rights,7/25/2015,8/9/2015,5.0,62098047,9.78E+12,A memoir and satirical look at the complexities of racial politics.,HOW TO BE BLACK,Baratunde Thurston
1619,Race and Civil Rights,7/25/2015,8/9/2015,6.0,770437761,9.78E+12,A law professor brings forth his evidence that the justice system is fundamentally broken.,UNFAIR,Adam Benforado
1739,Race and Civil Rights,1/30/2016,2/14/2016,9.0,1626563519,9.78E+12,"How Black women in America are dismantling the negative and ""broken narrative"" about themselves in society, conquering long-standing obstacles of gender and racial biases and stereotypes.",THE SISTERS ARE ALRIGHT,Tamara Winfrey Harris
1801,Race and Civil Rights,10/31/2015,11/15/2015,9.0,1510703357,9.78E+12,Living (and dying) while black in America.,THE BEAST SIDE,D Watkins
1807,Race and Civil Rights,10/31/2015,11/15/2015,10.0,374158274,9.78E+12,The modern struggle for voting rights in America.,GIVE US THE BALLOT,Ari Berman
1983,10,Hardcover Political Books,hardcover-political-books,10.0,0,0,9.78E+12,A retired Secret Service agent discusses his experience with presidents from Eisenhower to Ford.,0
1989,10,Hardcover Political Books,hardcover-political-books,,0,0,9.78E+12,"A meditation on race in America as well as a personal  story by the national correspondent of The Atlantic, framed as a letter to his teenage son.",0
1995,10,Hardcover Political Books,hardcover-political-books,,0,0,9.78E+12,"The experience of the Pakistani girl who advocated for women’s education, was shot by the Taliban, and later won the Nobel Peace Prize.",0
2002,10,Hardcover Political Books,hardcover-political-books,,0,0,9.78E+12,"How modern society’s loss of the sense of belonging — now achieved mostly in the military and in disasters — has led to income inequality, incivility and mental disorders like PTSD.",0
2008,10,Hardcover Political Books,hardcover-political-books,,0,0,9.78E+12,"The 10 first ladies since 1960, based on interviews with White House staff, social secretaries and friends, by the author of ""The Residence.""",0
2014,10,Hardcover Political Books,hardcover-political-books,,0,1,9.78E+12,Stories of the American Revolution; a companion volume to the Fox News series.,0
2020,10,Hardcover Political Books,hardcover-political-books,,0,0,9.78E+12,A law professor and MacArthur grant recipient’s memoir of his decades  of work to free innocent people condemned to death.,0
2026,10,Hardcover Political Books,hardcover-political-books,,0,1,9.78E+12,An executive and philanthropist discusses five domestic policy problems and offers solutions.,0
2032,10,Hardcover Political Books,hardcover-political-books,,0,0,9.78E+12,A law professor takes aim at the “war on drugs” and its impact on black men.,0
2040,10,Hardcover Political Books,hardcover-political-books,,0,0,9.78E+12,The host of “The O’Reilly Factor” recounts the events surrounding the assassination of John F. Kennedy.,0
2046,10,Hardcover Political Books,hardcover-political-books,10.0,0,0,9.78E+12,The host of “The O’Reilly Factor” recounts the events surrounding the attempted assassination of President Reagan in 1981.\n,0
2052,10,Hardcover Political Books,hardcover-political-books,,0,0,9.78E+12,A biography of George H.W. Bush.,0
2058,10,Hardcover Political Books,hardcover-political-books,,0,0,9.78E+12,The real estate developer and candidate for the Republican  presidential nomination shares his ideas for making America great again.,0
2070,10,Hardcover Political Books,hardcover-political-books,,0,0,9.78E+12,"The journalist describes how a cyberattack on the nation’s power grids could paralyze our infrastructure, warns that government has not planned for the possibility, and visits “preppers” who are taking their own precautions.",0
2076,10,Hardcover Political Books,hardcover-political-books,,0,0,9.78E+12,A discussion of the Constitution by the candidate for the Republican presidential nomination.,0
2082,10,Hardcover Political Books,hardcover-political-books,,0,0,9.78E+12,A memoir by the feminist writer and activist is also a history of the movement.,0
2095,10,Hardcover Political Books,hardcover-political-books,,0,1,9.78E+12,"The radio host warns Americans against Islamists and ""this most evil administration,"" which, he says, aims to impose absolute rule and destroy our civilization.",0
2101,10,Hardcover Political Books,hardcover-political-books,,0,0,9.78E+12,A celebration of the life and career of Supreme Court  Justice Ruth Bader Ginsburg.,0
2107,10,Hardcover Political Books,hardcover-political-books,10.0,0,1,9.78E+12,The political commentator denounces immigrants and their liberal supporters.\n,0
2113,10,Hardcover Political Books,hardcover-political-books,,0,0,9.78E+12,The experience of the Pakistani girl who advocated for women’s education and was shot by the Taliban.,0
2120,10,Hardcover Political Books,hardcover-political-books,,0,0,9.78E+12,"A member of the Navy Seals who has the most career sniper kills in United States military history discusses his childhood, his marriage and his battlefield experiences during the Iraq war.",0
2130,10,Hardcover Political Books,hardcover-political-books,,0,0,9.78E+12,An Olympic runner's story of survival as a prisoner of the Japanese in World War II.,0
2142,10,Hardcover Political Books,hardcover-political-books,,0,1,9.78E+12,The Fox News contributor and former press secretary under President George W. Bush reviews her life and career and shares lessons  she has learned.,0
2148,10,Hardcover Political Books,hardcover-political-books,,0,0,9.78E+12,"How Washington, Hamilton, Jay and Madison created the Constitution; by the author of ""Founding Brothers.""",0
2154,10,Hardcover Political Books,hardcover-political-books,,0,0,9.78E+12,The host of “The O’Reilly Factor” recounts the strange death of Gen. George S. Patton in December 1945.,0
2160,10,Hardcover Political Books,hardcover-political-books,,0,0,9.78E+12,"An award-winning journalist’s chilling account of the Nixon  presidency, based in part on recently declassified material.\n",0
2166,10,Hardcover Political Books,hardcover-political-books,,0,0,9.78E+12,Three decades’ worth of essays from the conservative columnist.,0
2205,10,Hardcover Political Books,hardcover-political-books,,0,0,9.78E+12,"A history of the financial crisis beginning in 2007, by a former chairman of the Federal Reserve.",0
2211,10,Hardcover Political Books,hardcover-political-books,,0,0,9.78E+12,"More revelations from the Nixon White  House, based on documents supplied by Alexander Butterfield, the aide who disclosed Nixon’s taping system.",0
2223,10,Hardcover Political Books,hardcover-political-books,,0,0,9.78E+12,"The former secretary of labor in the Clinton administration, now a professor of public policy, considers how to reverse income inequality.",0
2229,10,Hardcover Political Books,hardcover-political-books,,0,0,9.78E+12,"Carson, a retired pediatric neurosurgeon, now a candidate for the Republican presidential nomination, offers solutions to problems in health and education based on capitalism, not government.",0
2241,10,Hardcover Political Books,hardcover-political-books,10.0,0,1,9.78E+12,"The talk-radio host urges young Americans to resist the statist masterminds who, he says, are burdening them with debt and inferior education.",0
2253,10,Hardcover Political Books,hardcover-political-books,,0,1,9.78E+12,The talk-radio host looks to Muslim teachings for the roots of Islamic extremism.,0
2302,10,Hardcover Political Books,hardcover-political-books,,0,0,9.78E+12,"A Pulitzer Prize-winning journalist’s biography of Adolf Tolkachev, who spied for the United States inside the Soviet Union.",0
2308,10,Hardcover Political Books,hardcover-political-books,,0,0,9.78E+12,"At 90, the 39th president (and Nobel Prize winner) reflects on his private  and public life. \n\n",0
2314,10,Hardcover Political Books,hardcover-political-books,10.0,0,1,9.78E+12,The host of “The O’Reilly Factor” recounts the final years of World War II.,0
2320,10,Hardcover Political Books,hardcover-political-books,,0,0,9.78E+12,"The anchor of Fox News’s “The Kelly File” discusses why she left a succesful career as a lawyer, the value of hard work, the personal and professional challenges she has faced.",0
2326,10,Hardcover Political Books,hardcover-political-books,,0,0,9.78E+12,A Yale Law School graduate looks at the struggles of America’s white working class through his own childhood in the Rust Belt.,0
2336,10,Hardcover Political Books,hardcover-political-books,,0,0,9.78E+12,The Vermont senator and former candidate for the Democratic nomination for president delivers his message of social and economic justice.,0
2342,10,Hardcover Political Books,hardcover-political-books,,0,0,9.78E+12,"How the accelerating pace of technology, globalization and climate change are reshaping the world, and what we can do about it.",0
2348,10,Hardcover Political Books,hardcover-political-books,,0,0,9.78E+12,The Berkeley sociologist interviews members of the Tea Party in Louisiana.,0
2360,10,Hardcover Political Books,hardcover-political-books,,0,0,9.78E+12,A law professor takes aim at the “war on drugs” and its impact on black men. Originally published in 2010.,0
2368,10,Hardcover Political Books,hardcover-political-books,,0,0,9.78E+12,The role of the white poor in American history.,0
2380,10,Hardcover Political Books,hardcover-political-books,10.0,0,0,9.78E+12,The host of “The O’Reilly Factor” recounts the events surrounding the attempted assassination of President Reagan in 1981.,0
2404,10,Hardcover Political Books,hardcover-political-books,,0,0,9.78E+12,The former vice president and his daughter chart their vision for a formidable future America.,0
2423,10,Hardcover Political Books,hardcover-political-books,,0,0,9.78E+12,The commentator recounts the events surrounding the assassination of Abraham Lincoln.,0
2471,10,Hardcover Political Books,hardcover-political-books,,0,0,9.78E+12,A harrowing Navy SEALs operation.,0
2480,10,Hardcover Political Books,hardcover-political-books,,0,0,9.78E+12,"The former president’s portrait of his father, George H.W. Bush",0
2486,10,Hardcover Political Books,hardcover-political-books,,0,0,9.78E+12,"The issues in American health care and health care reform and recent developments including the drafting and implementation of the Affordable Care Act, by the journalist, editor and lawyer.",0
2492,10,Hardcover Political Books,hardcover-political-books,,0,1,9.78E+12,The former Arkansas governor offers his take on our  fractious American culture.,0
2513,10,Hardcover Political Books,hardcover-political-books,,0,0,9.78E+12,A memoir by a deadly special operations sniper deployed to Afghanistan.,0
2529,10,Hardcover Political Books,hardcover-political-books,,0,1,9.78E+12,The political strategist offers a game plan for how to defeat Hillary Clinton.,0
2535,10,Hardcover Political Books,hardcover-political-books,,0,1,9.78E+12,The conservative author and pundit warns of disaster if Hillary Clinton is elected president.,0
2541,10,Hardcover Political Books,hardcover-political-books,,0,0,9.78E+12,A former Secret Service officer claims to have witnessed scandalous behavior by the Clintons.,0
2547,10,Hardcover Political Books,hardcover-political-books,,0,1,9.78E+12,The author says progressive politicians gain power and control by exploiting Americans' fears.,0
2559,10,Hardcover Political Books,hardcover-political-books,,0,0,9.78E+12,"An in-depth look at the presidential nominee, his real estate career and pivot to politics, drawing on decades of interviews and financial records.",0
2577,10,Hardcover Political Books,hardcover-political-books,,0,0,9.78E+12,"The ""Doonesbury"" creator collects strips from over three decades that have featured Donald J. Trump.",0
2595,10,Hardcover Political Books,hardcover-political-books,,0,0,9.78E+12,An account of how the Koch brothers and other super-wealthy donors deployed their money to change American politics.,0
2608,10,Hardcover Political Books,hardcover-political-books,,0,0,9.78E+12,The people who saw the real estate crash coming and made billions. Originally published in 2010 and a 2015 movie.,0
2628,10,Hardcover Political Books,hardcover-political-books,,0,0,9.78E+12,"Six C.I.A. contract employees discuss  their experience during the attack on the State Department compound and the nearby C.I.A. station called the “annex” in  Benghazi, Libya, in 2012.",0
2636,10,Hardcover Political Books,hardcover-political-books,,0,0,9.78E+12,How poor people repeatedly lose their homes while landlords profit.,0
2642,10,Hardcover Political Books,hardcover-political-books,,0,0,9.78E+12,"Fifty years of White House lore, based on interviews with butlers, maids, chefs and  other staff members.",0
2660,10,Hardcover Political Books,hardcover-political-books,,0,0,9.78E+12,The people who saw the real estate crash coming and made billions from their foresight.\n,0
2672,10,Hardcover Political Books,hardcover-political-books,,0,0,9.78E+12,A former C.I.A. director defends his policies.,0
2693,10,Hardcover Political Books,hardcover-political-books,,0,0,9.78E+12,NBC’s chief foreign correspondent discusses the Arab Spring and war in the Middle East.,0
2741,10,Hardcover Political Books,hardcover-political-books,,0,1,9.78E+12,The Fox News Channel personality describes nine key American virtues that he maintains are under attack by President Obama and Hillary Clinton.,0
2801,10,Hardcover Political Books,hardcover-political-books,,0,0,9.78E+12,An eyewitness account of Pearl Harbor by a 94-year-old veteran.,0
2855,10,Hardcover Political Books,hardcover-political-books,,0,1,9.78E+12,"The case against Hillary Clinton, focused on her use of a private email server and the activities of the Clinton Foundation.",0
2867,10,Hardcover Political Books,hardcover-political-books,,0,1,9.78E+12,The radio host discusses what will happen after the administration of “President Maobama.”,0
2873,10,Hardcover Political Books,hardcover-political-books,,0,0,9.78E+12,The conflict between President Harry Truman and General Douglas MacArthur during the Korean War.,0
2948,10,Hardcover Political Books,hardcover-political-books,,0,0,9.78E+12,"The story of the Culper spy ring, which aided the American cause during the Revolution.",0
2954,10,Hardcover Political Books,hardcover-political-books,,0,1,9.78E+12,Ten rules for identifying the next winners and losers in the global economy.,0
3000,10,Hardcover Political Books,hardcover-political-books,,0,0,9.78E+12,The former Treasury secretary and onetime head of Goldman Sachs  discusses how American business and political leaders can work  with China.,0
3012,10,Hardcover Political Books,hardcover-political-books,,0,0,9.78E+12,"Women in Washington, D.C., during the Civil War.",0
3018,10,Hardcover Political Books,hardcover-political-books,,0,0,9.78E+12,A case for the centrality of the curriculum in the  sciences and humanities.,0
3032,10,Hardcover Political Books,hardcover-political-books,,0,0,9.78E+12,The author of “Infidel” and “Nomad” argues that fundamental doctrines of Islam must change for it to be compatible with democracy.,0
3066,10,Hardcover Political Books,hardcover-political-books,,0,0,9.78E+12,A memoir by the political consultant who became Barack Obama’s campaign  strategist and White House adviser.\n,0
3081,10,Hardcover Political Books,hardcover-political-books,,0,0,9.78E+12,An American hedge fund manager in Russia who became the largest foreign  investor in the Russian stock market and was eventually expelled  by kleptocrats who then seized his property.\n,0
3087,10,Hardcover Political Books,hardcover-political-books,,0,0,9.78E+12,The investigation of a young black man’s murder in 2007 raises questions about race  and the criminal justice system.\n,0
3099,10,Hardcover Political Books,hardcover-political-books,,0,0,9.78E+12,An American journalist and a Syrian analyst examine the origins and methods of the terrorist group.\n,0
3118,10,Hardcover Political Books,hardcover-political-books,,0,0,9.78E+12,An examination of donations made to the Clinton Foundation by  foreign entities.,0
3164,10,Hardcover Political Books,hardcover-political-books,,0,0,9.78E+12,A high-level C.I.A. officer assesses the agency’s counterterrorism successes and failures.,0
3289,10,Hardcover Political Books,hardcover-political-books,,0,1,9.78E+12,A former managing director at Bain Capital argues that the concern about inequality is misguided and will slow growth.,0
3353,10,Hardcover Political Books,hardcover-political-books,,0,0,9.78E+12,A social scientist argues that income inequality is creating an “opportunity  gap” for poor children that is destroying the American dream.,0
3379,10,Hardcover Political Books,hardcover-political-books,,0,0,9.78E+12,A security expert offers tips for protecting your privacy and proposes an alternative to mass surveillance by government and corporations.,0
3491,10,Hardcover Political Books,hardcover-political-books,,0,1,9.78E+12,More little-known stories  from America’s past; a follow-up to “Miracles and Massacres.,0
3510,10,Hardcover Political Books,hardcover-political-books,,0,0,9.78E+12,"In a follow-up to “No Easy Day,” the Navy SEAL team member Matt Bissonnette, writing pseudonymously, describes the challenges of  SEAL training and other missions in which he participated.",0
3522,10,Hardcover Political Books,hardcover-political-books,,0,0,9.78E+12,The commentator looks at the heart-stopping events surrounding the assassination of Abraham Lincoln.,0
3621,10,Hardcover Political Books,hardcover-political-books,,0,0,9.78E+12,An investigative reporter complains of harassment and intimidation by the Obama administration.,0
3643,10,Hardcover Political Books,hardcover-political-books,,0,0,9.78E+12,"The first volume of a biography of the 26th president, covering the years 1858 to 1901.",0
3656,10,Hardcover Political Books,hardcover-political-books,,0,1,9.78E+12,The radio host urges true patriots to save the country  from the machinations of the left.\n,0
3662,Religion Spirituality and Faith,11/28/2015,12/13/2015,1.0,1101886978,9.78E+12,The actress describes her life in Scientology and the aftermath of her break with the church in 2013.,TROUBLEMAKER,Leah Remini and Rebecca Paley
3668,Religion Spirituality and Faith,11/28/2015,12/13/2015,2.0,316200603,9.78E+12,An account of the Salem witch trials of 1692.,THE WITCHES,Stacy Schiff
3674,Religion Spirituality and Faith,11/28/2015,12/13/2015,3.0,892969962,9.78E+12,The pastor and author says you can determine your success or failure and your destiny with the words you use to speak about yourself.,THE POWER OF I AM,Joel Osteen
3680,Religion Spirituality and Faith,11/28/2015,12/13/2015,4.0,1621574156,9.78E+12,"What the Old Testament reveals about the life, deeds and message of Jesus Christ.",THE EMMAUS CODE,David Limbaugh
3686,Religion Spirituality and Faith,11/28/2015,12/13/2015,5.0,1878424319,9.78E+12,"A guide to conduct, spiritual freedom and a life with fewer limitations, by a Mexican healer. Originally published in 2000.",THE FOUR AGREEMENTS,Don Miguel Ruiz
3692,Religion Spirituality and Faith,11/28/2015,12/13/2015,6.0,718031822,9.78E+12,An HGTV personality calls for women of all ages to find contentment in a world of impossible standards through the grace of God.,FOR THE LOVE,Jen Hatmaker
3698,Religion Spirituality and Faith,11/28/2015,12/13/2015,7.0,080101526X,9.78E+12,How the near-death experiences of thousands of people point to the picture of heaven promised in the Bible.,IMAGINE HEAVEN,John Burke
3704,Religion Spirituality and Faith,11/28/2015,12/13/2015,8.0,1250045924,9.78E+12,"A view that there once existed on Earth an advanced civilization now lost; survivors were known to later cultures as ""the Sages,"" the Shining Ones, and ""the Mystery Teachers of Heaven.""",MAGICIANS OF THE GODS,Graham Hancock
3710,Religion Spirituality and Faith,11/28/2015,12/13/2015,9.0,812998391,9.78E+12,"A medium describes the development of her gift, offers accounts of people reunited with departed loved ones and presents life lessons.",THE LIGHT BETWEEN US,Laura Lynne Jackson
3716,Religion Spirituality and Faith,11/28/2015,12/13/2015,10.0,1501126121,9.78E+12,The talk-radio host looks to Muslim teachings for the roots of Islamic extremism.,IT IS ABOUT ISLAM,Glenn Beck
3722,Religion Spirituality and Faith,6/25/2016,7/10/2016,1.0,62205447,9.78E+12,"Rediscovering religious principles — gleaned from such ancient teachers as the Buddha, Moses and Jesus — for dealing with and transcending suffering.",TEARS TO TRIUMPH,Marianne Williamson
3728,Religion Spirituality and Faith,6/25/2016,7/10/2016,2.0,310247454,9.78E+12,Practical guidelines for Christians. Originally published in 1992.,BOUNDARIES,Henry Cloud and John Townsend
3738,Religion Spirituality and Faith,6/25/2016,7/10/2016,3.0,1577314808,9.78E+12,A guide to personal growth and spiritual enlightenment.,THE POWER OF NOW,Eckhart Tolle
3744,Religion Spirituality and Faith,6/25/2016,7/10/2016,4.0,62378856,9.78E+12,"Finding your innate happiness through mindfulness and meditation. From the author of ""Search Inside Yourself.""",JOY ON DEMAND,Chade-Meng Tan
3750,Religion Spirituality and Faith,6/25/2016,7/10/2016,5.0,1433688670,9.78E+12,"A guide to practical, purposeful praying, addressed particularly to women, by the Bible instructor and actress.",FERVENT,Priscilla Shirer
3756,Religion Spirituality and Faith,6/25/2016,7/10/2016,6.0,1572245379,9.78E+12,The answer to who we are is said to be found in our consciousness.,THE UNTETHERED SOUL,Michael A Singer
3768,Religion Spirituality and Faith,6/25/2016,7/10/2016,8.0,1608871576,9.78E+12,A guide to the spiritual path of Bhakti and the ancient teachings of Yoga.,THE JOURNEY WITHIN,Radhanath Swami
3774,Religion Spirituality and Faith,6/25/2016,7/10/2016,9.0,679604995,9.78E+12,A chronicle of one of the most significant institutions in history: the papacy.,ABSOLUTE MONARCHS,John Julius Norwich
3786,Religion Spirituality and Faith,12/27/2014,1/11/2015,1.0,1250054052,9.78E+12,The media queen discusses the essential components of an authentic life; adapted from her column in O magazine.,WHAT I KNOW FOR SURE,Oprah Winfrey
3792,Religion Spirituality and Faith,12/27/2014,1/11/2015,2.0,1594486298,9.78E+12,"Essays about forgiveness, transformation and grace.",SMALL VICTORIES,Anne Lamott
3798,Religion Spirituality and Faith,12/27/2014,1/11/2015,3.0,805098542,9.78E+12,"The host of ""The O'Reilly Factor"" recounts the events leading up to Jesus’ execution.",KILLING JESUS,Bill O'Reilly and Martin Dugard
3804,Religion Spirituality and Faith,12/27/2014,1/11/2015,4.0,62368338,9.78E+12,Advice and observations from the Olympic champion and World War II survivor.,"DON'T GIVE UP, DON'T GIVE IN",Louis Zamperini and David Rensin
3810,Religion Spirituality and Faith,12/27/2014,1/11/2015,5.0,553418564,9.78E+12,How a random act of Christmastime kindness changed the author’s life in a time of grief.,THE 13TH GIFT,Joanne Huist Smith
3816,Religion Spirituality and Faith,12/27/2014,1/11/2015,6.0,849946158,9.78E+12,A father recounts his 3-year-old son’s encounter with Jesus and the angels during an emergency appendectomy; the basis of the movie.,HEAVEN IS FOR REAL,Todd Burpo with Lynn Vincent
3822,Religion Spirituality and Faith,12/27/2014,1/11/2015,7.0,525954147,9.78E+12,Guidance for establishing a personal relationship with God.,PRAYER,Timothy Keller
3828,Religion Spirituality and Faith,12/27/2014,1/11/2015,8.0,1414397542,9.78E+12,"A family celebration of the Advent, with Scripture- based activities.",UNWRAPPING THE GREATEST GIFT,Ann Voskamp
3834,Religion Spirituality and Faith,12/27/2014,1/11/2015,9.0,1476777802,9.78E+12,How the Duck Commander teen stays true to her values.,LIVE ORIGINAL,Sadie Robertson with Beth Clark
3840,Religion Spirituality and Faith,12/27/2014,1/11/2015,10.0,812996453,9.78E+12,"Advice and observations on family and community, values and spirituality.",RAINBOW IN THE CLOUD,Maya Angelou
3852,Religion Spirituality and Faith,12/27/2014,1/11/2015,12.0,525954422,9.78E+12,An argument that miracles are not only possible but widespread.,MIRACLES,Eric Metaxas
3858,Religion Spirituality and Faith,12/27/2014,1/11/2015,13.0,1400205859,9.78E+12,A spirituality-based guide to managing the multiple demands on busy lives.,THE BEST YES,Lysa TerKeurst
3864,Religion Spirituality and Faith,12/27/2014,1/11/2015,14.0,316244929,9.78E+12,A memoir from the Rock and Roll Hall of Fame guitarist.,UNIVERSAL TONE,Carlos Santana and Ashley Kahn
3870,Religion Spirituality and Faith,12/27/2014,1/11/2015,15.0,1451654685,9.78E+12,A biography of the influential Sioux leader Red Cloud examines his military prowess and the Plains Indians’ changing way of life.,THE HEART OF EVERYTHING THAT IS,Bob Drury and Tom Clavin
3910,Religion Spirituality and Faith,7/30/2016,8/14/2016,6.0,1582701709,9.78E+12,"The ""Law of Attraction"" as a key to getting what you want; A New Age look at spirituality.",THE SECRET,Rhonda Byrne
3922,Religion Spirituality and Faith,7/30/2016,8/14/2016,8.0,1501105299,9.78E+12,"A Hollywood couple use their experiences with dating, and their Christian faith, to encourage sexual abstinence before marriage.",THE WAIT,DeVon Franklin and Meagan Good with Tim Vandehey
3928,Religion Spirituality and Faith,7/30/2016,8/14/2016,9.0,316311375,9.78E+12,A mother tells the story of her once-sickly young daughter whose chronic disease disappeared after her near-death experience.,MIRACLES FROM HEAVEN,Christy Beam
3940,Religion Spirituality and Faith,4/25/2015,5/10/2015,1.0,081299325X,9.78E+12,The Times columnist extols personal virtues like kindness and honesty in a materialistic age.,THE ROAD TO CHARACTER,David Brooks
3946,Religion Spirituality and Faith,4/25/2015,5/10/2015,2.0,1591451884,9.78E+12,A devotional journal.,JESUS CALLING,Sarah Young
3966,Religion Spirituality and Faith,4/25/2015,5/10/2015,4.0,62248499,9.78E+12,How the niece of the Scientology leader David Miscavige left the church at 21.,BEYOND BELIEF,Jenna Miscavige Hill with Lisa Pulitzer
3972,Religion Spirituality and Faith,4/25/2015,5/10/2015,5.0,,9.78E+12,The Pulitzer Prize-winning author examines the world of Scientology; the basis for the documentary film.,GOING CLEAR,Lawrence Wright
3978,Religion Spirituality and Faith,4/25/2015,5/10/2015,6.0,718022122,9.78E+12,"The author addresses her misgivings and cynicism about organized religion, in search of a renewed faith in the community and ceremonies that make a Church.",SEARCHING FOR SUNDAY,Rachel Held Evans
3990,Religion Spirituality and Faith,4/25/2015,5/10/2015,8.0,553393243,9.78E+12,Ways of weaving compassion into your business dealings and personal life.,DO THE KIND THING,Daniel Lubetzky
3996,Religion Spirituality and Faith,4/25/2015,5/10/2015,9.0,62333933,9.78E+12,The author of “Infidel” and “Nomad” argues that fundamental doctrines of Islam must change for it to be compatible with democracy.,HERETIC,Ayaan Hirsi Ali
4002,Religion Spirituality and Faith,4/25/2015,5/10/2015,10.0,1501110306,9.78E+12,"An insider's account of the Amish life today, by the star of the Discovery Channel reality show, ""Amish Mafia.""",AMISH CONFIDENTIAL,"""Lebanon"" Levi Stoltzfus"
4024,Religion Spirituality and Faith,4/25/2015,5/10/2015,13.0,162157332X,9.78E+12,"A memoir by the author and Academy Award-winning screen writer of ""The Exorcist;"" grief at the death of his son, Peter, is a defining lens of faith and focus.",FINDING PETER,William Peter Blatty
4030,Religion Spirituality and Faith,4/25/2015,5/10/2015,14.0,465049494,9.78E+12,,ONE NATION UNDER GOD,Kevin M Kruse
4066,Religion Spirituality and Faith,11/29/2014,12/14/2014,5.0,849948487,9.78E+12,The power of a simple prayer.,BEFORE AMEN,Max Lucado
4078,Religion Spirituality and Faith,11/29/2014,12/14/2014,7.0,1414387083,9.78E+12,A celebration of Christmas through the Advent tradition.,THE GREATEST GIFT,Ann Voskamp
4096,Religion Spirituality and Faith,11/29/2014,12/14/2014,10.0,871401002,9.78E+12,The Pulitzer Prize-winning biologist grapples with the ultimate philosophical questions: How and why did humanity came to exist on this planet.,THE MEANING OF HUMAN EXISTENCE,Edward O Wilson
4102,Religion Spirituality and Faith,11/29/2014,12/14/2014,11.0,1476766401,9.78E+12,"An exploration of spirituality and the afterlife, from the author of ""Proof of Heaven.""",THE MAP OF HEAVEN,Eben Alexander with Ptolemy Tompkins
4114,Religion Spirituality and Faith,11/29/2014,12/14/2014,13.0,1621572552,9.78E+12,"The lawyer and political commentator uses his legal training to evaluate, and affirm, the truthfulness of the Bible.",JESUS ON TRIAL,David Limbaugh
4120,Religion Spirituality and Faith,11/29/2014,12/14/2014,14.0,1451695195,9.78E+12,A neurosurgeon recounts his near death experience during a coma from bacterial meningitis.,PROOF OF HEAVEN,Eben Alexander
4126,Religion Spirituality and Faith,11/29/2014,12/14/2014,15.0,307957047,9.78E+12,,FIELDS OF BLOOD,Karen Armstrong
4132,Religion Spirituality and Faith,1/30/2016,2/14/2016,1.0,399588639,9.78E+12,"In a conversation with a Vatican reporter, the pontiff explores the cornerstone of his faith.",THE NAME OF GOD IS MERCY,Pope Francis with Andrea Tornielli
4174,Religion Spirituality and Faith,1/30/2016,2/14/2016,8.0,1455591521,9.78E+12,The pastor and author encourages readers to experience God as a champion of everyone who seeks new paths to reaching their potentials.,FRESH START,Joel Osteen
4180,Religion Spirituality and Faith,1/30/2016,2/14/2016,9.0,451492935,9.78E+12,"Four essays, written between 2013 and 2015, about living a good life and facing mortality, by the neurologist and author, who died in August 2015.",GRATITUDE,Oliver Sacks
4186,Religion Spirituality and Faith,1/30/2016,2/14/2016,10.0,1250077710,9.78E+12,A memoir of the author's upbringing in a polygamist cult. She was the 39th of her father's 42 children.,THE SOUND OF GRAVEL,Ruth Wariner
4218,Religion Spirituality and Faith,2/28/2015,3/15/2015,4.0,1629981931,9.78E+12,An ancient seven-year cycle underlies and influences major world events.,THE MYSTERY OF THE SHEMITAH,Jonathan Cahn
4258,Religion Spirituality and Faith,2/28/2015,3/15/2015,10.0,1416576576,9.78E+12,"The Catholic Church and money, from the sale of indulgences in the Middle Ages to the papacy’s dealings with the Nazis to the Vatican Bank scandal.",GOD'S BANKERS,Gerald Posner
4270,Religion Spirituality and Faith,2/28/2015,3/15/2015,12.0,1434705943,9.78E+12,A pastor on breaking free from the religious status quo.,CRAZY LOVE,Francis Chan with Danae Yankoski
4342,Religion Spirituality and Faith,6/27/2015,7/12/2015,7.0,080414110X,9.78E+12,"Singer, a spiritual teacher who founded a yoga and meditation center, uses his life story as an example of what can happen when you let go and let life take control.",THE SURRENDER EXPERIMENT,Michael A Singer
4354,Religion Spirituality and Faith,6/27/2015,7/12/2015,9.0,525953035,9.78E+12,A pastor explores ways to communicate a message of faith and grace in an age of skepticism.,PREACHING,Timothy Keller
4360,Religion Spirituality and Faith,6/27/2015,7/12/2015,10.0,1937006883,9.78E+12,"A Zen master explains how to understand the different kinds of love, and describes meditative practice that can expand the capacity for love.",HOW TO LOVE,Thich Nhat Hanh
4366,Religion Spirituality and Faith,6/27/2015,7/12/2015,11.0,1617953695,9.78E+12,,THE THREE HEAVENS,John Hagee
4378,Religion Spirituality and Faith,6/27/2015,7/12/2015,13.0,1401307787,9.78E+12,,"WHEREVER YOU GO, THERE YOU ARE",Jon Kabat-Zinn
4384,Religion Spirituality and Faith,6/27/2015,7/12/2015,14.0,307593517,9.78E+12,"The life of Indra Devi, the woman who helped to bring yoga to the west.",THE GODDESS POSE,Michelle Goldberg
4390,Religion Spirituality and Faith,6/27/2015,7/12/2015,15.0,1455587834,9.78E+12,,LET GOD FIGHT YOUR BATTLES,Joyce Meyer
4420,Religion Spirituality and Faith,2/27/2016,3/13/2016,5.0,1623366151,9.78E+12,Eastern wisdom applied to the challenges of daily life.,URBAN MONK,Pedram Shojai
4456,Religion Spirituality and Faith,12/31/2016,1/15/2017,1.0,735289867,9.78E+12,The Heisman Trophy winner writes about overcoming obstacles.,SHAKEN,Tim Tebow
4462,Religion Spirituality and Faith,12/31/2016,1/15/2017,2.0,399185046,9.78E+12,A discussion between two spiritual leaders about how to find joy in the face of suffering.,THE BOOK OF JOY,the Dalai Lama and Desmond Tutu with Douglas Abrams
4468,Religion Spirituality and Faith,12/31/2016,1/15/2017,3.0,892969679,9.78E+12,A strategy for reprogramming your mind so that you can reach new levels of achievement and purpose.,"THINK BETTER, LIVE BETTER",Joel Osteen
4480,Religion Spirituality and Faith,12/31/2016,1/15/2017,5.0,1400205875,9.78E+12,"The author examines the roots of rejection and how it can poison relationships, including one’s relationship with God.",UNINVITED,Lysa TerKeurst
4486,Religion Spirituality and Faith,12/31/2016,1/15/2017,6.0,310318580,9.78E+12,How to soothe an aching heart or broken spirit through Christian faith.,THE BROKEN WAY,Ann Voskamp
4492,Religion Spirituality and Faith,12/31/2016,1/15/2017,7.0,162998941X,9.78E+12,"The journey of a traveler and a spiritual teacher through a series of mysteries, which are also applied to daily challenges.",THE BOOK OF MYSTERIES,Jonathan Cahn
4498,Religion Spirituality and Faith,12/31/2016,1/15/2017,8.0,310342996,9.78E+12,"A woman’s path from ""burned out on busy"" to a life of grace, love, rest and play.",PRESENT OVER PERFECT,Shauna Niequist
4510,Religion Spirituality and Faith,12/31/2016,1/15/2017,10.0,553447262,9.78E+12,An argument for divine providence in American history.,THE AMERICAN MIRACLE,Michael Medved
4516,Religion Spirituality and Faith,10/29/2016,11/13/2016,1.0,1401946542,9.78E+12,"The author, speaker and TV personality offers stories and lessons for ""transforming fear to faith.""",THE UNIVERSE HAS YOUR BACK,Gabrielle Bernstein
4522,Religion Spirituality and Faith,10/29/2016,11/13/2016,2.0,718079868,9.78E+12,"A pastor and media personality addresses cultural change, political turmoil and moral decay as they relate to God's plan.",IS THIS THE END?,David Jeremiah
4624,Religion Spirituality and Faith,7/25/2015,8/9/2015,7.0,718031482,9.78E+12,"What honesty and pain has taught the authors about faith, family and forgiveness.","THE GOOD, THE BAD, AND THE GRACE OF GOD",Jep Robertson and Jessica Robertson with Susy Flory
4630,Religion Spirituality and Faith,7/25/2015,8/9/2015,8.0,1441207848,9.78E+12,A Muslim woman’s dangerous conversion to Christianity; originally published in 1978.,I DARED TO CALL HIM FATHER,Bilquis Sheikh with Richard H Schneider
4636,Religion Spirituality and Faith,7/25/2015,8/9/2015,9.0,307590720,9.78E+12,The author's flight in 2003 from an extremist Mormon sect and the lessons of survival.,TRIUMPH,Carolyn Jessop with Laura Palmer
4642,Religion Spirituality and Faith,7/25/2015,8/9/2015,10.0,61980595,9.78E+12,"An alternative view of the history of the Christian church as the author argues that it once existed in the Middle East, Africa and Asia.",THE LOST HISTORY OF CHRISTIANITY,Philip Jenkins
4666,Religion Spirituality and Faith,7/25/2015,8/9/2015,14.0,1611801702,9.78E+12,,MINDFULNESS ON THE GO,Jan Chozen Bays
4776,Religion Spirituality and Faith,8/29/2015,9/13/2015,6.0,1455553972,9.78E+12,An evangelist asserts that finding one's destiny involves defining an inevitably self-determined role.,DESTINY,T D Jakes
4798,Religion Spirituality and Faith,8/29/2015,9/13/2015,9.0,374533407,9.78E+12,A collision of western medicine with the deeply held spiritual and religious practices of Hmong refugees has tragic consequences for the latter's young epileptic child.,THE SPIRIT CATCHES YOU AND YOU FALL DOWN,Anne Fadiman
4804,Religion Spirituality and Faith,8/29/2015,9/13/2015,10.0,None,9.78E+12,The power of deepest appreciation and awareness of blessings to uplift all relationships and experiences in daily life.,THE GRATITUDE DIARIES,Janice Kaplan
4854,Religion Spirituality and Faith,10/31/2015,11/15/2015,7.0,718042220,9.78E+12,"The evangelist shares his vision of Heaven, the afterlife and eternity.",WHERE I AM,Billy Graham
4872,Religion Spirituality and Faith,10/31/2015,11/15/2015,10.0,1601427557,9.78E+12,A comic turned pastor documents encounters with grace.,ACCIDENTAL SAINTS,Nadia Bolz-Weber
4926,Religion Spirituality and Faith,3/26/2016,4/10/2016,8.0,718038444,9.78E+12,The reality television star exchanges her on-screen search for romantic love for the joy of discovering and serving God.,I SAID YES,Emily Maynard Johnson
5026,Religion Spirituality and Faith,3/28/2015,4/12/2015,12.0,1617952141,9.78E+12,Coming blood-moon eclipses and what they might mean for the world.,FOUR BLOOD MOONS,John Hagee
5050,Religion Spirituality and Faith,9/26/2015,10/11/2015,1.0,None,9.78E+12,"The self-improvement guru's memoir, with reflections on empowerment.",I CAN SEE CLEARLY NOW,Wayne W Dyer
5068,Religion Spirituality and Faith,9/26/2015,10/11/2015,4.0,1401920527,9.78E+12,"Applying the principles of the Tao Te Ching, an ancient Chinese philosophical text.",CHANGE YOUR THOUGHTS - CHANGE YOUR LIFE,Wayne W Dyer
5086,Religion Spirituality and Faith,9/26/2015,10/11/2015,7.0,None,9.78E+12,Ways to find spiritual solutions to life's problems.,THE POWER OF INTENTION,Wayne W Dyer
5092,Religion Spirituality and Faith,9/26/2015,10/11/2015,8.0,,9.78E+12,Desires can be realized by “mastering the art of manifesting.”,WISHES FULFILLED,Wayne W Dyer
5164,Religion Spirituality and Faith,11/26/2016,12/11/2016,10.0,1594634815,9.78E+12,A hospice chaplain shares inspiration and lessons she learned from her patients.,ON LIVING,Kerry Egan
5170,Religion Spirituality and Faith,5/28/2016,6/12/2016,1.0,1250096936,9.78E+12,The father of Scientology's leader criticizes his management of the organization.,RUTHLESS,Ron Miscavige with Dan Koon
5206,Religion Spirituality and Faith,5/28/2016,6/12/2016,7.0,1401943985,9.78E+12,"Trust in yourself, in others, in life and in God, are essential for sustaining human connection and happiness in life.",TRUST,Iyanla Vanzant
5228,Religion Spirituality and Faith,5/28/2016,6/12/2016,10.0,718021835,9.78E+12,"Seven exemplary women whose lives of conscience, conviction, bravery and faith changed the world and launched social movements.",SEVEN WOMEN,Eric Metaxas
5294,Religion Spirituality and Faith,5/30/2015,6/14/2015,9.0,1601426976,9.78E+12,A devout Muslim converts to Christianity.,HIDING IN THE LIGHT,Rifqa Bary
5300,Religion Spirituality and Faith,5/30/2015,6/14/2015,10.0,125003292X,9.78E+12,A psychologist suggests that nurturing spirituality in one's children may have benefits toward their overall well-being.,THE SPIRITUAL CHILD,Lisa Miller
5312,Religion Spirituality and Faith,5/30/2015,6/14/2015,12.0,1433679590,9.78E+12,Spouses are challenged to practice unconditional love.,THE LOVE DARE,Stephen Kendrick and Alex Kendrick with Lawrence Kimbrough
5325,Religion Spirituality and Faith,5/30/2015,6/14/2015,14.0,081298367X,9.78E+12,,THE POPE AND MUSSOLINI,David I Kertzer
5331,Religion Spirituality and Faith,5/30/2015,6/14/2015,15.0,1439153159,9.78E+12,Parables of kinship and redemption in the world of youthful gangs.,TATTOOS ON THE HEART,Gregory Boyle
5395,Religion Spirituality and Faith,4/30/2016,5/15/2016,10.0,1476777837,9.78E+12,What Chinese philosophers teach about living a good life.,THE PATH,Michael Puett and Christine Gross-Loh
5441,Religion Spirituality and Faith,8/27/2016,9/11/2016,7.0,080072724X,9.78E+12,"A call for women to dismantle the negative forces of rivalry, comparison and competition that keep them from experiencing God's love.",WITHOUT RIVAL,Lisa Bevere
5477,Religion Spirituality and Faith,9/24/2016,10/9/2016,3.0,1451698224,9.78E+12,"Reflections on marriage, motherhood, faith, addiction and recovery; from the author of the blog Momastery.com.","CARRY ON, WARRIOR",Glennon Doyle Melton
5489,Religion Spirituality and Faith,9/24/2016,10/9/2016,5.0,1501141023,9.78E+12,The threat to the United States of shariah law and the dangers of Islamist radicalism.,UNHOLY ALLIANCE,Jay Sekulow
5495,Religion Spirituality and Faith,9/24/2016,10/9/2016,6.0,310522552,9.78E+12,The enduring conflict between Islam and Christianity.,NO GOD BUT ONE - ALLAH OR JESUS?,Nabeel Qureshi
5501,Religion Spirituality and Faith,9/24/2016,10/9/2016,7.0,812997794,9.78E+12,A yogi's guide to becoming the architect of your own joy.,INNER ENGINEERING,Sadhguru
5507,Religion Spirituality and Faith,9/24/2016,10/9/2016,8.0,150113552X,9.78E+12,"A road trip along the ""UFO Highway,"" a 3,000 mile stretch of interstate highway near the Colorado and New Mexico border where some people have claimed to see paranormal events.",THE 37TH PARALLEL,Ben Mezrich
5603,Religion Spirituality and Faith,1/31/2015,2/15/2015,12.0,61981362,9.78E+12,,THE CRUSADES,Thomas Asbridge
5627,Culture,12/26/2015,1/10/2016,1.0,1250058902,9.78E+12,Photographs and interviews from the creator of the blog and the book “Humans of New York.”,HUMANS OF NEW YORK: STORIES,Brandon Stanton
5633,Culture,12/26/2015,1/10/2016,2.0,871404230,9.78E+12,A concise history of ancient Rome.,SPQR,Mary Beard
5639,Culture,12/26/2015,1/10/2016,3.0,1101875100,9.78E+12,"A meditation on art, loss and the past by the singer-songwriter, the author of the National Book Award-winning “Just Kids.”",M TRAIN,Patti Smith
5645,Culture,12/26/2015,1/10/2016,4.0,1250038820,9.78E+12,"Four hundred color photos of New Yorkers, with brief commentary by the author.",HUMANS OF NEW YORK,Brandon Stanton
5651,Culture,12/26/2015,1/10/2016,5.0,679456201,9.78E+12,A memoir by the feminist writer and activist is also a history of the movement.,MY LIFE ON THE ROAD,Gloria Steinem
5657,Culture,12/26/2015,1/10/2016,6.0,1579129854,9.78E+12,"The story behind nearly every studio song, 492 of them, from the early 1960s to 2015.",BOB DYLAN: ALL THE SONGS,Philippe Margotin and Jean-Michel Guesdon
5663,Culture,12/26/2015,1/10/2016,7.0,1419718185,9.78E+12,"The most important rap song from every year since 1979, discussed, debated and deconstructed.",THE RAP YEAR BOOK,Shea Serrano and Arturo Torres
5669,Culture,12/26/2015,1/10/2016,8.0,316042749,9.78E+12,The biography of a rock ’n’ roll pioneer who discovered some of its earliest and most enduring artists.,SAM PHILLIPS,Peter Guralnick
5675,Culture,12/26/2015,1/10/2016,9.0,1631910019,9.78E+12,"A comprehensive collection of more than 2,000 images of paintings and frescoes from the city's museums and churches, spanning the years 1250-1743.",FLORENCE,Ross King and Anja Grebe
5681,Culture,12/26/2015,1/10/2016,10.0,006238922X,9.78E+12,Inventive maps of various subjects by the Slovakian digital artist.,VARGIC'S MISCELLANY OF CURIOUS MAPS: MAPPING THE MODERN WORLD,Martin Vargic
5687,Culture,5/28/2016,6/12/2016,1.0,1455539740,9.78E+12,"The libretto of the Grammy- and Pulitzer Prize-winning musical, annotated by its creator, along with backstage photos, a production history and interviews with the cast.",HAMILTON: THE REVOLUTION,Lin-Manuel Miranda and Jeremy McCarter
5693,Culture,5/28/2016,6/12/2016,2.0,1455566381,9.78E+12,"How modern society’s loss of the sense of belonging — now achieved mostly in the military and in disasters — has led to income inequality, incivility and mental disorders like PTSD.",TRIBE,Sebastian Junger
5699,Culture,5/28/2016,6/12/2016,3.0,62316109,9.78E+12,How Homo sapiens became Earth’s dominant species.,SAPIENS,Yuval Noah Harari
5710,Culture,5/28/2016,6/12/2016,4.0,62354469,9.78E+12,"A fifty-year-old Monday night Bridge club is more than a card game; it is a kindred cohesive community that explores marriage, career, motherhood, depression, aging, death, religion and sex.",THE BRIDGE LADIES,Betsy Lerner
5716,Culture,5/28/2016,6/12/2016,5.0,316348406,9.78E+12,"Essays on popular culture, social justice and body image by a culture writer for GQ magazine and weekly columnist at The Guardian.",SHRILL,Lindy West
5728,Culture,5/28/2016,6/12/2016,7.0,316247758,9.78E+12,"The photographer’s thoughts on art, photography, family and the South.",HOLD STILL,Sally Mann
5734,Culture,5/28/2016,6/12/2016,8.0,1476777403,9.78E+12,"How Abdel Kader Haidara and the librarians of Timbuktu succeeded in smuggling more than 350,000 volumes of ancient Islamic texts to safety in Mali, thus preserving them from threats of cultural destruction by Al Qaeda.",THE BAD-ASS LIBRARIANS OF TIMBUKTU,Joshua Hammer
5740,Culture,5/28/2016,6/12/2016,9.0,393352145,9.78E+12,"A memoir of a career in the New Yorker's storied copy department, along with grammar advice.",BETWEEN YOU & ME,Mary Norris
5746,Culture,5/28/2016,6/12/2016,10.0,306824086,9.78E+12,"A personal history of the Los Angeles punk rock movement and its evolution from 1977-1982, with contributions from numerous players.",UNDER THE BIG BLACK SUN,John Doe with Tom DeSavia and Friends
5758,Culture,4/25/2015,5/10/2015,2.0,1594487138,9.78E+12,The Welsh journalist describes the phenomenon of social media denunciation.,SO YOU'VE BEEN PUBLICLY SHAMED,Jon Ronson
5764,Culture,4/25/2015,5/10/2015,3.0,984504176,9.78E+12,"The writer’s autobiography, the source of her Little House on the Prairie books, completed in 1930 and never published, is annotated by a biographer.",PIONEER GIRL,Laura Ingalls Wilder
5770,Culture,4/25/2015,5/10/2015,4.0,307410269,9.78E+12,The story of the 1910 bombing of the Los Angeles Times building and its aftermath.,AMERICAN LIGHTNING,Howard Blum
5776,Culture,4/25/2015,5/10/2015,5.0,871404389,9.78E+12,"The composer's memoir recalls family, teachers and friends and offers insights about his music.",WORDS WITHOUT MUSIC,Philip Glass
5782,Culture,4/25/2015,5/10/2015,6.0,61980560,9.78E+12,"Life in the Beatles and beyond, from the author of “Shout!”; first published in 2008.",JOHN LENNON,Philip Norman
5788,Culture,4/25/2015,5/10/2015,7.0,1101873124,9.78E+12,"Gustav Klimt's 1907 portrait of Viennese socialite Adele Bloch-Bauer, its theft by Nazis during World War II and its subsequent lengthy disputed ownership.",THE LADY IN GOLD,Anne-Marie O'Connor
5794,Culture,4/25/2015,5/10/2015,8.0,307238377,9.78E+12,"Andrew Carnegie, Henry Clay Frick and the bitter partnership that changed America.",MEET YOU IN HELL,Les Standiford
5800,Culture,4/25/2015,5/10/2015,9.0,62282719,9.78E+12,"A collection of essays on race, gender, politics and ""Sweet Valley High.""",BAD FEMINIST,Roxane Gay
5806,Culture,4/25/2015,5/10/2015,10.0,385538987,9.78E+12,"Meditations, observations and cultural criticism as they touch upon art, ambition, time and the changing and aging self in the world.",THE FOLDED CLOCK,Heidi Julavits
5823,Culture,4/25/2015,5/10/2015,12.0,159420537X,9.78E+12,A photojournalist who shared a Pulitzer for her work describes her experience covering wars.,IT'S WHAT I DO,Lynsey Addario
5829,Culture,4/25/2015,5/10/2015,13.0,62354957,9.78E+12,,SMASH CUT,Brad Gooch
5835,Culture,4/25/2015,5/10/2015,14.0,62116169,9.78E+12,"In 1961, on a collecting mission for the Museum of Primitive Art, Michael C. Rockefeller vanished off the coast of southwest New Guinea when his boat capsized.",SAVAGE HARVEST,Carl Hoffman
5841,Culture,4/25/2015,5/10/2015,15.0,316341754,9.78E+12,,MY JOURNEY WITH MAYA,Tavis Smiley and David Ritz
5877,Culture,11/28/2015,12/13/2015,6.0,385541139,9.78E+12,"A miscellany of collected prose on far-ranging subjects by ""The New Yorker"" magazine writer.",THIS OLD MAN,Roger Angell
5901,Culture,11/28/2015,12/13/2015,10.0,1465422889,9.78E+12,A comprehensive thematic and chronological visual history of the most iconic photographs and photographers of the past 200 years.,PHOTOGRAPHY,Tom Ang
5907,Culture,9/26/2015,10/11/2015,1.0,62223062,9.78E+12,"The author of “The Liars’ Club,”  “Cherry” and “Lit” offers instruction in memoir-writing and discusses her favorite writers’ work.",THE ART OF MEMOIR,Mary Karr
5913,Culture,9/26/2015,10/11/2015,2.0,1476748381,9.78E+12,"Detroit in 1963, the end of its boom and the beginning of its collapse.",ONCE IN A GREAT CITY,David Maraniss
5925,Culture,9/26/2015,10/11/2015,4.0,61751235,9.78E+12,A novelist and biographer of Robert Frost and John Steinbeck presents a full account of Faulkner's life (1897-1962) and critically evaluates the Nobel laureate's body of work. Originally published in 2004.,ONE MATCHLESS TIME,Jay Parini
5931,Culture,9/26/2015,10/11/2015,5.0,62273825,9.78E+12,A biography of the seminal French fashion designer.,COCO CHANEL,Justine Picardie
5943,Culture,9/26/2015,10/11/2015,7.0,143127799,9.78E+12,The Harvard psychologist and linguist updates the rules of writing with a more relaxed approach to grammar.,THE SENSE OF STYLE,Steven Pinker
5955,Culture,9/26/2015,10/11/2015,9.0,142181587,9.78E+12,Images of America in rock 'n' roll music,MYSTERY TRAIN,Greil Marcus
5961,Culture,9/26/2015,10/11/2015,10.0,670015407,9.78E+12,"The life and impact of Sue Mengers, Hollywood's first ""superagent.""",CAN I GO NOW?,Brian Kellow
5967,Culture,11/29/2014,12/14/2014,1.0,1476764026,9.78E+12,"The making of the movie “The Princess Bride,” 25 years ago.",AS YOU WISH,Cary Elwes with Joe Layden
5973,Culture,11/29/2014,12/14/2014,2.0,385346999,9.78E+12,The actor’s life story is structured as a Choose Your Own Adventure book.,NEIL PATRICK HARRIS: CHOOSE YOUR OWN AUTOBIOGRAPHY,Neil Patrick Harris with David Javerbaum
5979,Culture,11/29/2014,12/14/2014,3.0,385354045,9.78E+12,The Harvard historian and New Yorker writer argues that Wonder Woman’s creator was influenced by early feminists.,THE SECRET HISTORY OF WONDER WOMAN,Jill Lepore
5985,Culture,11/29/2014,12/14/2014,4.0,1455581089,9.78E+12,An expansion of a popular TED talk by the singer and blogger about the value of art and of pursuing dreams.,THE ART OF ASKING,Amanda Palmer
5991,Culture,11/29/2014,12/14/2014,5.0,1451651546,9.78E+12,The memoir of the princess and fashion designer.,THE WOMAN I WANTED TO BE,Diane Von Furstenberg
5997,Culture,11/29/2014,12/14/2014,6.0,1250017645,9.78E+12,The former first lady’s struggles after John Kennedy’s assassination.,JACQUELINE BOUVIER KENNEDY ONASSIS,Barbara Leaming
6003,Culture,11/29/2014,12/14/2014,7.0,62078224,9.78E+12,A biography of the hard-living rock ’n’ roll legend.,JERRY LEE LEWIS,Rick Bragg
6027,Culture,11/29/2014,12/14/2014,11.0,1627791833,9.78E+12,,TEXTS FROM JANE EYRE,Mallory Ortberg
6039,Culture,11/29/2014,12/14/2014,13.0,307718352,9.78E+12,,PROVENCE 1970,Luke Barr
6045,Culture,11/29/2014,12/14/2014,14.0,1936140322,9.78E+12,,"PETER, PAUL AND MARY","Peter Yarrow, Noel Paul Stookey and Mary Travers"
6051,Culture,11/29/2014,12/14/2014,15.0,307523829,9.78E+12,The women of the 1920s whose rebellions against corseted Victorian style and the flaunting of short hemlines made America modern.,FLAPPER,Joshua Zeitz
6069,Culture,11/26/2016,12/11/2016,3.0,1455565385,9.78E+12,"An oral history of the show, based on extensive interviews with Jon Stewart and others.",THE DAILY SHOW (THE BOOK),Chris Smith
6086,Culture,11/26/2016,12/11/2016,5.0,62571370,9.78E+12,"Filmmaking secrets, photography and artwork from “Fantastic Beasts and Where to Find Them,” written by J. K. Rowling.",THE CASE OF BEASTS,Mark Salisbury
6098,Culture,11/26/2016,12/11/2016,7.0,168245052X,9.78E+12,The director's notes on and annotations to the novel that led to the classic film.,THE GODFATHER NOTEBOOK,Francis Ford Coppola
6104,Culture,11/26/2016,12/11/2016,8.0,544703391,9.78E+12,The creator of The New York Times dialect quiz provides a guide to how words are pronounced in different parts of the country.,SPEAKING AMERICAN,Josh Katz
6110,Culture,11/26/2016,12/11/2016,9.0,1609452925,9.78E+12,"Essays, letters and interviews of the Italian writer.",FRANTUMAGLIA,Elena Ferrante
6116,Culture,11/26/2016,12/11/2016,10.0,385354347,9.78E+12,"A discussion about music and writing between the Japanese writer and his friend, and the former conductor of the Boston Symphony Orchestra.",ABSOLUTELY ON MUSIC,Haruki Murakami and Seiji Ozawa
6122,Culture,2/28/2015,3/15/2015,1.0,770435637,9.78E+12,The inspiration and setting for the show on PBS.,LADY ALMINA AND THE REAL DOWNTON ABBEY,The Countess of Carnarvon
6128,Culture,2/28/2015,3/15/2015,2.0,62295896,9.78E+12,A memoir by a founding member of Sonic Youth.,GIRL IN A BAND,Kim Gordon
6163,Culture,2/28/2015,3/15/2015,7.0,761169253,9.78E+12,Presenting 10 principles to help readers discover their artistic side.,STEAL LIKE AN ARTIST,Austin Kleon
6175,Culture,2/28/2015,3/15/2015,9.0,1419715712,9.78E+12,A companion volume to the film.,WES ANDERSON COLLECTION: THE GRAND BUDAPEST HOTEL,Matt Zoller Seitz
6181,Culture,2/28/2015,3/15/2015,10.0,1250065704,9.78E+12,"Photographs, prose and poetry by the actor on the MTV series, ""Pretty Little Liars.""",LIFE. LOVE. BEAUTY,Keegan Allen
6187,Culture,2/28/2015,3/15/2015,11.0,None,9.78E+12,A tribute to the slender boat that is the  iconic transportation of Venice.,GONDOLA,Donna Leon
6193,Culture,2/28/2015,3/15/2015,12.0,None,9.78E+12,A history of the Vikings.,THE SEA WOLVES,Lars Brownworth
6205,Culture,2/28/2015,3/15/2015,14.0,1451673213,9.78E+12,The actor and writer’s memoir describes his “addiction” to classic films at the New Beverly Cinema in Los Angeles as he learned to be a stand-up comedian in the late 1990s.,SILVER SCREEN FIEND,Patton Oswalt
6211,Culture,2/28/2015,3/15/2015,15.0,316295043,9.78E+12,"Stars, writers and guests tell the history of Saturday Night Live.",LIVE FROM NEW YORK,Tom Shales and James Andrew Miller
6217,Culture,3/26/2016,4/10/2016,1.0,385353928,9.78E+12,Social media and the secret lives of teenagers.,AMERICAN GIRLS,Nancy Jo Sales
6223,Culture,3/26/2016,4/10/2016,2.0,1250091551,9.78E+12,The official companion to all six seasons of the show on ITV in Britain and PBS.,DOWNTON ABBEY: A CELEBRATION,Jessica Fellowes
6229,Culture,3/26/2016,4/10/2016,3.0,1590514882,9.78E+12,"An account of the birth of one of the 20th century's major intellectual movements and the revolutionary thinkers who shaped it: Jean-Paul Sartre, Simone de Beauvoir, Albert Camus, and others.",AT THE EXISTENTIALIST CAFE,Sarah Bakewell
6235,Culture,3/26/2016,4/10/2016,4.0,1101875550,9.78E+12,"The Pulitzer Prize-winning novelist describes learning to write in another language, Italian.",IN OTHER WORDS,Jhumpa Lahiri
6241,Culture,3/26/2016,4/10/2016,5.0,1452122237,9.78E+12,An illustrated behind-the-scenes view of the making of the animated film.,THE ART OF ZOOTOPIA,Jessica Julius
6247,Culture,3/26/2016,4/10/2016,6.0,62419684,9.78E+12,"A collection of Wilder's letters spanning 60 years, collected and annotated by her biographer, illuminate her daily life and the creation of the Little House books.",THE SELECTED LETTERS OF LAURA INGALLS WILDER,edited  William Anderson
6253,Culture,3/26/2016,4/10/2016,7.0,374256926,9.78E+12,How Broadway shows are built.,THE SECRET LIFE OF THE AMERICAN MUSICAL,Jack Viertel
6259,Culture,3/26/2016,4/10/2016,8.0,1101946326,9.78E+12,A history of the Central Asian trade routes linking Europe and China offers a new approach to understanding the movement of ideas and goods that shape global civilization.,THE SILK ROADS,Peter Frankopan
6306,Culture,10/29/2016,11/13/2016,5.0,158834570X,9.78E+12,This souvenir book showcases some of the most influential artifacts of the museum's vast collection.,THE NATIONAL MUSEUM OF AFRICAN AMERICAN HISTORY AND CULTURE,the National Museum of African American History and Culture
6318,Culture,10/29/2016,11/13/2016,7.0,553459279,9.78E+12,"Seventy-five cherished bookstores from around the world are celebrated in anecdotes, accompanied by evocative paintings by the New Yorker magazine cartoonist.",FOOTNOTES FROM THE WORLD'S GREATEST BOOKSTORES,Bob Eckstein
6330,Culture,10/29/2016,11/13/2016,9.0,374279926,9.78E+12,A memoir of the influential book editor.,AVID READER,Robert Gottlieb
6336,Culture,10/29/2016,11/13/2016,10.0,1476762716,9.78E+12,"A memoir of life among the wealthy women of the Upper East Side, in the satirical guise of an anthropological study.",PRIMATES OF PARK AVENUE,Wednesday Martin
6372,Culture,5/30/2015,6/14/2015,6.0,1555977073,9.78E+12,"A memoir that explores the limits and possibilities of love and art, gender and identity, language and individual freedom in society, marriage and family-making.",THE ARGONAUTS,Maggie Nelson
6378,Culture,5/30/2015,6/14/2015,7.0,143127667,9.78E+12,"The author’s experience as Harper Lee’s neighbor in small-town Monroeville, Ala.",THE MOCKINGBIRD NEXT DOOR,Marja Mills
6384,Culture,5/30/2015,6/14/2015,8.0,None,9.78E+12,"A biography of the grandson of a slave, Edward Kennedy ""Duke"" Ellington, who became arguably the greatest jazz composer of the twentieth century.",DUKE,Terry Teachout
6390,Culture,5/30/2015,6/14/2015,9.0,812997824,9.78E+12,"A theory of the origins of literary greatness among American writers maintains that they owe their common debt to the ""daemon,"" or spark of genius, and a shared quest for the sublime.",THE DAEMON KNOWS,Harold Bloom
6396,Culture,5/30/2015,6/14/2015,10.0,1610393619,9.78E+12,"The former president of Lincoln Center for the Performing Arts shares the ""tumult, betrayal and heroics"" behind the lengthy dramatic transformation of the institution and its sprawling Manhattan campus.",THEY TOLD ME NOT TO TAKE THAT JOB,Reynold Levy
6402,Culture,5/30/2015,6/14/2015,11.0,1594204950,9.78E+12,"Picasso, Matisse and the Paris birthplace and mecca of modernist art.",IN MONTMARTRE,Sue Roe
6408,Culture,5/30/2015,6/14/2015,12.0,None,9.78E+12,"A biography of Walt Disney, and the story of his creations.",DISNEY,Rees Quinn
6420,Culture,5/30/2015,6/14/2015,14.0,61892068,9.78E+12,,WHO'S WRITING THIS?,edited  Dan Halpern
6426,Culture,5/30/2015,6/14/2015,15.0,61866008,9.78E+12,,VINDICATION,Lyndall Gordon
6438,Culture,1/31/2015,2/15/2015,2.0,,9.78E+12,The author describes a year he spent teaching in a two-room schoolhouse on a remote island off South Carolina.,THE WATER IS WIDE,Pat Conroy
6444,Culture,1/31/2015,2/15/2015,3.0,,9.78E+12,The biography of a language; the companion volume to the History Channel series.,THE ADVENTURE OF ENGLISH,Melvyn Bragg
6474,Culture,1/31/2015,2/15/2015,8.0,,9.78E+12,What Americans are thinking about; a collection of selected essays.,THE BEST AMERICAN ESSAYS 2014,edited  John Jeremiah Sullivan; series editor Robert Atwan
6480,Culture,1/31/2015,2/15/2015,9.0,161893127X,9.78E+12,"Behind the scenes of the television series that chronicles a fictional outlaw motorcycle club, its rivals, and an era of American biker culture.",SONS OF ANARCHY,Tara Bennett
6486,Culture,1/31/2015,2/15/2015,10.0,,9.78E+12,The invention of the modern city.,HOW PARIS BECAME PARIS,Joan DeJean
6492,Culture,1/31/2015,2/15/2015,11.0,1594632960,9.78E+12,A history of innovation focused on the development of six key technologies of modern life; the companion volume to a PBS series.,HOW WE GOT TO NOW,Steven Johnson
6498,Culture,1/31/2015,2/15/2015,12.0,1607747103,9.78E+12,A compendium of foreign words for which there exist no counterparts in the English language.,LOST IN TRANSLATION,Ella Frances Sanders
6504,Culture,1/31/2015,2/15/2015,13.0,544287045,9.78E+12,,ESSAYS AFTER EIGHTY,Donald Hall
6510,Culture,1/31/2015,2/15/2015,14.0,1451687753,9.78E+12,,PUNK ROCK BLITZKRIEG,Marky Ramone with Rich Herschlag
6593,Culture,2/27/2016,3/13/2016,2.0,812998405,9.78E+12,An oral history of five significant Los Angeles families.,WEST OF EDEN,Jean Stein
6605,Culture,2/27/2016,3/13/2016,4.0,1426214669,9.78E+12,Inside the minds of history's great personalities.,ANDY WARHOL WAS A HOARDER,Claudia Kalb
6629,Culture,2/27/2016,3/13/2016,8.0,1594204837,9.78E+12,"How to think about art, pleasure, beauty and truth.",BETTER LIVING THROUGH CRITICISM,A O Scott
6676,Culture,3/28/2015,4/12/2015,5.0,61959162,9.78E+12,An examination of Anne Frank’s powerful global legacy.,ANNE FRANK,Francine Prose
6682,Culture,3/28/2015,4/12/2015,6.0,1627790950,9.78E+12,"Recollections of growing up in the borough, contributed by those who went on to become influential and famous in their diverse industries.",JUST KIDS FROM THE BRONX,Arlene Alda
6694,Culture,3/28/2015,4/12/2015,8.0,1452140863,9.78E+12,"An eclectic collection of correspondence from diverse historical figures, from scientists and world leaders to authors and villains.",LETTERS OF NOTE,compiled  Shaun Usher
6700,Culture,3/28/2015,4/12/2015,9.0,None,2.94E+12,A biography of the Renaissance artist and inventor.,LEONARDO DA VINCI,Jay Williams
6706,Culture,3/28/2015,4/12/2015,10.0,547348754,9.78E+12,Three sisters who ignited American romanticism.,THE PEABODY SISTERS,Megan Marshall
6712,Culture,3/28/2015,4/12/2015,11.0,1610394232,9.78E+12,,MASTER THIEVES,Stephen Kurkjian
6718,Culture,3/28/2015,4/12/2015,12.0,1476784922,9.78E+12,,THE FUTURE OF ARCHITECTURE IN 100 BUILDINGS,Marc Kushner
6748,Culture,12/27/2014,1/11/2015,2.0,316247162,9.78E+12,"The stories behind the music, with images of the drafts of many classics.",THE BEATLES LYRICS,Hunter Davies
6766,Culture,12/27/2014,1/11/2015,5.0,081099741X,9.78E+12,An in-depth look at each of the filmmaker's works; includes artwork and interviews.,THE WES ANDERSON COLLECTION,Matt Zoller Seitz
6772,Culture,12/27/2014,1/11/2015,6.0,1588366472,9.78E+12,The former news anchor recalls and assesses the 1960s; first published in 2007.,BOOM!,Tom Brokaw
6790,Culture,12/27/2014,1/11/2015,9.0,1465422897,9.78E+12,"A visual exploration of human creativity and civilization, through the legacy of relevant artifacts.","HISTORY OF THE WORLD IN 1,000 OBJECTS",editors of Dorling Kindersley
6796,Culture,12/27/2014,1/11/2015,10.0,544535022,9.78E+12,"The government program that provided paperbacks -- 1,200 different titles -- to American troops during World War II.",WHEN BOOKS WENT TO WAR,Molly Guptill Manning
6808,Culture,12/27/2014,1/11/2015,12.0,143126024,9.78E+12,,A HISTORY OF THE WORLD IN 12 MAPS,Jerry Brotton
6820,Culture,12/27/2014,1/11/2015,14.0,804171637,9.78E+12,How readers visualize fictional worlds.,WHAT WE SEE WHEN WE READ,Peter Mendelsund
6826,Culture,12/27/2014,1/11/2015,15.0,1469618222,9.78E+12,The musical voyage from Scotland and Ulster to Appalachia.,WAYFARING STRANGERS,Fiona Ritchie and Doug Orr
6855,Culture,8/27/2016,9/11/2016,4.0,1476756104,9.78E+12,"A history of the popular and influential sitcom, which ran from 1989 to 1998.",SEINFELDIA,Jennifer Keishin Armstrong
6861,Culture,8/27/2016,9/11/2016,5.0,399184120,9.78E+12,Imagining the contemporary world as it will appear to those for whom it will be the distant past.,BUT WHAT IF WE'RE WRONG?,Chuck Klosterman
6873,Culture,8/27/2016,9/11/2016,7.0,None,9.78E+12,"Materials and human history, from the Age of Stone to the Age of Silicon.",THE SUBSTANCE OF CIVILIZATION,Stephen L Sass
6879,Culture,8/27/2016,9/11/2016,8.0,62444255,9.78E+12,"An account of the Rolling Stone's Altamont concert in San Francisco on December 6, 1969, and the convergence of tragic audience events that have led some to call it the day that shattered the Sixties.",ALTAMONT,Joel Selvin
6921,Culture,10/31/2015,11/15/2015,5.0,1594205558,9.78E+12,The cultural and societal trade offs of social technologies that create connections versus face-to-face communication.,RECLAIMING CONVERSATION,Sherry Turkle
6933,Culture,10/31/2015,11/15/2015,7.0,1451672160,9.78E+12,A history of Broadway theatre that reveals the  business behind the art.,RAZZLE DAZZLE,Michael Riedel
6939,Culture,10/31/2015,11/15/2015,8.0,393241920,9.78E+12,"The calculated strategy behind how musical hits are predicted, composed and popularized.",THE SONG MACHINE,John Seabrook
6945,Culture,10/31/2015,11/15/2015,9.0,1416541640,9.78E+12,"The impact of events in England in 1606 on Shakespeare toward the three tragedies he wrote that year: King Lear, Macbeth and Antony and Cleopatra.",THE YEAR OF LEAR:  SHAKESPEARE IN 1606,James Shapiro
6993,Culture,1/30/2016,2/14/2016,7.0,1451691653,9.78E+12,"The connections between our surroundings and civilization's most creative and innovative ideas, from ancient Athens to modern-day Silicon Valley.",THE GEOGRAPHY OF GENIUS,Eric Weiner
7010,Culture,1/30/2016,2/14/2016,9.0,61882968,9.78E+12,"Tomb robbers, antiquities smugglers, auctioneers and museum chiefs race to secure a 2,5000-year-old-cup depicting the fall of Troy that was crafted by Euphronios, the ""Leonardo Da Vinci of ancient Greece.""",THE LOST CHALICE,Vernon Silver
7039,Culture,9/24/2016,10/9/2016,3.0,316404624,9.78E+12,"The novelist argues that, contrary to the theories of Noam Chomsky, there is no evolutionary explanation for language.",THE KINGDOM OF SPEECH,Tom Wolfe
7063,Culture,9/24/2016,10/9/2016,7.0,1401950248,9.78E+12,The founder of Mama Gena's School of Womanly Arts in New York City offers tools and practices for women to reclaim their power.,PUSSY,Regena Thomashauer
7069,Culture,9/24/2016,10/9/2016,8.0,1250099536,9.78E+12,"The story of the Mitford sisters, from early 20th-century British aristocracy to dealing with the family’s politics in the years before and after World War II. \n\n",THE SIX,Laura Thompson
7081,Culture,9/24/2016,10/9/2016,10.0,1455588199,9.78E+12,Two New Jersey newspaper critics pick their top 100 scripted television shows. \n,TV (THE BOOK),Alan Sepinwall and Matt Zoller Seitz
7128,Culture,7/30/2016,8/14/2016,7.0,62262262,9.78E+12,"Essays on topics like art, dreams, myth and memories.",THE VIEW FROM THE CHEAP SEATS,Neil Gaiman
7134,Culture,7/30/2016,8/14/2016,8.0,1942872607,9.78E+12,"A biography of Audrey Munson, an actress of the early 20th century who was the model for various civic statues in Manhattan.",THE CURSE OF BEAUTY,James Bone
7146,Culture,7/30/2016,8/14/2016,10.0,865478201,9.78E+12,A novelist and poet defends the art form with an intriguing argument.,THE HATRED OF POETRY,Ben Lerner
7187,Culture,6/25/2016,7/10/2016,6.0,62484222,9.78E+12,"A look at the various ways the movie franchise illuminates political, moral, and familial themes.",THE WORLD ACCORDING TO STAR WARS,Cass R Sunstein
7199,Culture,6/25/2016,7/10/2016,8.0,544276000,9.78E+12,"The true story behind Ernest Hemingway's novel, ""The Sun Also Rises.""",EVERYBODY BEHAVES BADLY,Lesley M M Blume
7205,Culture,6/25/2016,7/10/2016,9.0,61966231,9.78E+12,"The influences of Timothy Leary, Ram Dass, Huston Smith and Andrew Weill in shaping and popularizing the ""New Age"" mind-body-spirit culture of the early sixties and into today.",THE HARVARD PSYCHEDELIC CLUB,Don Lattin
7211,Culture,6/25/2016,7/10/2016,10.0,62234323,9.78E+12,A biography and assessment of the influential twentieth-century American photographer.,DIANE ARBUS,Arthur Lubow
7229,Culture,8/29/2015,9/13/2015,3.0,1250010020,9.78E+12,A biography of the journalist and novelist Joan Didion.,THE LAST LOVE SONG,Tracy Daugherty
7235,Culture,8/29/2015,9/13/2015,4.0,1588369285,9.78E+12,A biography of Twain in his vibrant last years of life.,MARK TWAIN: MAN IN WHITE,Michael Shelden
7247,Culture,8/29/2015,9/13/2015,6.0,61748501,9.78E+12,Nine women and the artists they inspired; originally published in 2003.,THE LIVES OF THE MUSES,Francine Prose
7253,Culture,8/29/2015,9/13/2015,7.0,62366688,9.78E+12,"Newport, Seeger, Dylan and the night that split the sixties.",DYLAN GOES ELECTRIC!,Elijah Wald
7265,Culture,8/29/2015,9/13/2015,9.0,1439156816,9.78E+12,A memoir that is a master class on the writer's craft.,ON WRITING,Stephen King
7318,Culture,7/25/2015,8/9/2015,7.0,1476737991,9.78E+12,The memoir of the celebrated dancer who became the first African American woman to be promoted to principal dancer in the American Ballet Theatre company.,LIFE IN MOTION,Misty Copeland
7330,Culture,7/25/2015,8/9/2015,9.0,386521584X,9.78E+12,A reissue of a photographic study of American life that was first published in France in 1958 and in the United States in 1959.,THE AMERICANS,Photographs  Robert Frank
7342,Culture,7/25/2015,8/9/2015,11.0,157912996X,9.78E+12,"A history and an exploration of red hair, from prehistory and the Renaissance, to contemporary art, literature, advertising and culture.",RED,Jacky Colliss Harvey
7366,Culture,7/25/2015,8/9/2015,15.0,525426612,9.78E+12,,HOW MUSIC GOT FREE,Stephen Witt
7420,Culture,4/30/2016,5/15/2016,9.0,1476762155,9.78E+12,The obsession of one 19th Century bookseller for a lost masterpiece.,THE VANISHING VELÁZQUEZ,Laura Cumming
7426,Culture,4/30/2016,5/15/2016,10.0,1588364895,9.78E+12,A young art historian's high-stakes search for a missing Caravaggio masterpiece. Originally published in 2005.,THE LOST PAINTING,Jonathan Harr
7438,Culture,6/27/2015,7/12/2015,2.0,62417444,9.78E+12,A celebration of the resilience of the English language; first published in 1990 and just reissued.,THE MOTHER TONGUE,Bill Bryson
7456,Culture,6/27/2015,7/12/2015,5.0,147673075X,9.78E+12,"The Oscar-winning producer describes the importance of curiosity in his life, and how others can harness its power.",A CURIOUS MIND,Brian Grazer and Charles Fishman
7515,Culture,6/27/2015,7/12/2015,14.0,194045025X,9.78E+12,,WHITE GIRLS,Hilton Als
7521,Culture,6/27/2015,7/12/2015,15.0,307592227,9.78E+12,How a baffling and salacious murder case in 1897 New York City launched the tabloid media war of moguls Pulitzer and Hearst.,THE MURDER OF THE CENTURY,Paul Collins
7527,Science,12/27/2014,1/11/2015,1.0,544272994,9.78E+12,,WHAT IF?,Randall Munroe
7533,Science,12/27/2014,1/11/2015,2.0,805095152,9.78E+12,,BEING MORTAL,Atul Gawande
7541,Science,12/27/2014,1/11/2015,3.0,147670869X,9.78E+12,,THE INNOVATORS,Walter Isaacson
7547,Science,12/27/2014,1/11/2015,4.0,385535376,9.78E+12,,IN THE KINGDOM OF ICE,Hampton Sides
7553,Science,12/27/2014,1/11/2015,5.0,553380168,9.78E+12,,A BRIEF HISTORY OF TIME,Stephen Hawking
7560,Science,12/27/2014,1/11/2015,6.0,307352153,9.78E+12,,QUIET,Susan Cain
7566,Science,12/27/2014,1/11/2015,7.0,374533555,9.78E+12,,"THINKING, FAST AND SLOW",Daniel Kahneman
7572,Science,12/27/2014,1/11/2015,8.0,081298160X,9.78E+12,,THE POWER OF HABIT,Charles Duhigg
7584,Science,12/27/2014,1/11/2015,10.0,1250007135,9.78E+12,,UNDENIABLE,Bill Nye
7590,Science,12/27/2014,1/11/2015,11.0,316379646,9.78E+12,,YOU ARE HERE,Chris Hadfield
7596,Science,12/27/2014,1/11/2015,12.0,393351378,9.78E+12,,THE SCIENCE OF INTERSTELLAR,Kip Thorne
7602,Science,12/27/2014,1/11/2015,13.0,1451697384,9.78E+12,,THIS CHANGES EVERYTHING,Naomi Klein
7608,Science,12/27/2014,1/11/2015,14.0,069116472X,9.78E+12,,ALAN TURING: THE ENIGMA,Andrew Hodges
7614,Science,12/27/2014,1/11/2015,15.0,316204366,9.78E+12,,DAVID AND GOLIATH,Malcolm Gladwell
7620,Science,12/27/2014,1/11/2015,16.0,825307449,9.78E+12,,ONE NATION UNDER TAUGHT,Vince M Bertram
7626,Science,12/27/2014,1/11/2015,17.0,544236041,9.78E+12,,STUFF MATTERS,Mark Miodownik
7638,Science,12/27/2014,1/11/2015,19.0,805092994,9.78E+12,,THE SIXTH EXTINCTION,Elizabeth Kolbert
7644,Science,12/27/2014,1/11/2015,20.0,1400052181,9.78E+12,,THE IMMORTAL LIFE OF HENRIETTA LACKS,Rebecca Skloot
7651,Science,8/29/2015,9/13/2015,1.0,1476728747,9.78E+12,,THE WRIGHT BROTHERS,David McCullough
7684,Science,8/29/2015,9/13/2015,6.0,62301233,9.78E+12,,ELON MUSK,Ashlee Vance
7696,Science,8/29/2015,9/13/2015,8.0,307407675,9.78E+12,,MY LOBOTOMY,Howard Dully and Charles Fleming
7702,Science,8/29/2015,9/13/2015,9.0,385537301,9.78E+12,,VOICES IN THE OCEAN,Susan Casey
7732,Science,8/29/2015,9/13/2015,14.0,158333467X,9.78E+12,,NEUROTRIBES,Steve Silberman
7738,Science,8/29/2015,9/13/2015,15.0,143127535,9.78E+12,,HOW NOT TO BE WRONG,Jordan Ellenberg
7757,Science,8/29/2015,9/13/2015,18.0,805098887,9.78E+12,,BEYOND WORDS,Carl Safina
7763,Science,8/29/2015,9/13/2015,19.0,307986810,9.78E+12,,LIFE ON THE EDGE,Johnjoe McFadden and Jim Al-Khalili
7769,Science,8/29/2015,9/13/2015,20.0,1451690134,9.78E+12,,THE MAGIC OF REALITY,Richard Dawkins
7775,Science,11/28/2015,12/13/2015,1.0,544668251,9.78E+12,,THING EXPLAINER,Randall Munroe
7795,Science,11/28/2015,12/13/2015,4.0,1250007143,9.78E+12,,UNSTOPPABLE,Bill Nye
7825,Science,11/28/2015,12/13/2015,9.0,1579656234,9.78E+12,,DO UNTO ANIMALS,Tracey Stewart
7837,Science,11/28/2015,12/13/2015,11.0,1631490877,9.78E+12,,INTERNAL MEDICINE,Terrence Holt
7843,Science,11/28/2015,12/13/2015,12.0,62328476,9.78E+12,,DARK MATTER AND THE DINOSAURS,Lisa Randall
7849,Science,11/28/2015,12/13/2015,13.0,1588369544,9.78E+12,,THROUGH A DOG'S EYES,Jennifer Arnold
7855,Science,11/28/2015,12/13/2015,14.0,143127748,9.78E+12,,THE BODY KEEPS THE SCORE,Bessel van der Kolk
7873,Science,11/28/2015,12/13/2015,17.0,62296000,9.78E+12,,THE EVOLUTION OF EVERYTHING,Matt Ridley
7879,Science,11/28/2015,12/13/2015,18.0,1451667329,9.78E+12,,WHAT THE DOG KNOWS,Cat Warren
7885,Science,11/28/2015,12/13/2015,19.0,374224404,9.78E+12,,THE HORSE,Wendy Williams
7977,Science,7/25/2015,8/9/2015,13.0,1416583432,9.78E+12,,INSIDE OF A DOG,Alexandra Horowitz
7995,Science,7/25/2015,8/9/2015,16.0,006228407X,9.78E+12,,A DEADLY WANDERING,Matt Richtel
8014,Science,7/25/2015,8/9/2015,19.0,1771641495,9.78E+12,,GUT,Giulia Enders Illustrations  Jill Enders
8020,Science,7/25/2015,8/9/2015,20.0,385352549,9.78E+12,,ON THE MOVE,Oliver Sacks
8102,Science,1/31/2015,2/15/2015,13.0,054400339X,9.78E+12,,THE BEST AMERICAN SCIENCE AND NATURE WRITING 2014,edited  Deborah Blum and Tim Folger
8108,Science,1/31/2015,2/15/2015,14.0,None,9.78E+12,,THE MARSHMALLOW TEST,Walter Mischel
8126,Science,1/31/2015,2/15/2015,17.0,62296248,9.78E+12,,WHAT SHOULD WE BE WORRIED ABOUT?,edited  John Brockman
8132,Science,1/31/2015,2/15/2015,18.0,374223955,9.78E+12,,THE MAN WHO COULDN'T STOP,David Adam
8144,Science,1/31/2015,2/15/2015,20.0,62049038,9.78E+12,,A GARDEN OF MARVELS,Ruth Kassinger
8150,Science,4/30/2016,5/15/2016,1.0,081298840X,9.78E+12,,WHEN BREATH BECOMES AIR,Paul Kalanithi
8156,Science,4/30/2016,5/15/2016,2.0,1101904003,9.78E+12,,THE SLEEP REVOLUTION,Arianna Huffington
8162,Science,4/30/2016,5/15/2016,3.0,399184414,9.78E+12,,SEVEN BRIEF LESSONS ON PHYSICS,Carlo Rovelli
8168,Science,4/30/2016,5/15/2016,4.0,1101874937,9.78E+12,,LAB GIRL,Hope Jahren
8219,Science,4/30/2016,5/15/2016,12.0,316338923,9.78E+12,,RISE OF THE ROCKET GIRLS,Nathalia Holt
8225,Science,4/30/2016,5/15/2016,13.0,62400363,9.78E+12,,THE ARM,Jeff Passan
8249,Science,4/30/2016,5/15/2016,17.0,393246183,9.78E+12,,ARE WE SMART ENOUGH TO KNOW HOW SMART ANIMALS ARE?,Frans de Waal
8255,Science,4/30/2016,5/15/2016,18.0,1455533866,9.78E+12,,ALWAYS HUNGRY?,David Ludwig
8261,Science,4/30/2016,5/15/2016,19.0,1426216491,9.78E+12,,NO DREAM IS TOO HIGH,Buzz Aldrin with Ken Abraham
8267,Science,4/30/2016,5/15/2016,20.0,62388517,9.78E+12,,CAPTURE,David A Kessler
8287,Science,7/30/2016,8/14/2016,3.0,393245446,9.78E+12,,GRUNT,Mary Roach
8293,Science,7/30/2016,8/14/2016,4.0,1476733503,9.78E+12,,THE GENE,Siddhartha Mukherjee
8347,Science,7/30/2016,8/14/2016,12.0,1250055822,9.78E+12,,UNBROKEN BRAIN,Maia Szalavitz
8396,Science,7/30/2016,8/14/2016,20.0,1451697724,9.78E+12,,THE SOUL OF AN OCTOPUS,Sy Montgomery
8446,Science,5/30/2015,6/14/2015,8.0,761184236,9.78E+12,,THE NURSES,Alexandra Robbins
8458,Science,5/30/2015,6/14/2015,10.0,125006581X,9.78E+12,,DO NO HARM,Henry Marsh
8490,Science,5/30/2015,6/14/2015,15.0,670026530,9.78E+12,,FAITH VERSUS FACT,Jerry A Coyne
8502,Science,5/30/2015,6/14/2015,17.0,61737429,9.78E+12,,KEPLER'S WITCH,James A Connor
8508,Science,5/30/2015,6/14/2015,18.0,1611459303,9.78E+12,,SURGEON IN BLUE,Scott McGaugh
8514,Science,5/30/2015,6/14/2015,19.0,300203446,9.78E+12,,THE HOUSE OF OWLS,Tony Angell
8520,Science,5/30/2015,6/14/2015,20.0,465059996,9.78E+12,,RISE OF THE ROBOTS,Martin Ford
8546,Science,4/25/2015,5/10/2015,4.0,1439170916,9.78E+12,,THE EMPEROR OF ALL MALADIES,Siddhartha Mukherjee
8570,Science,4/25/2015,5/10/2015,8.0,,A00B0036Z9U2A,,THE GIFT OF FEAR,Gavin De Becker
8608,Science,4/25/2015,5/10/2015,14.0,1137280107,9.78E+12,,BENEATH THE SURFACE,John Hargrove with Howard Chua-Eoan
8614,Science,4/25/2015,5/10/2015,15.0,147675621X,9.78E+12,,ASAPSCIENCE,Mitchell Moffit
8631,Science,4/25/2015,5/10/2015,17.0,62067842,9.78E+12,,THE TEENAGE BRAIN,Frances E Jensen with Amy Ellis Nutt
8637,Science,4/25/2015,5/10/2015,18.0,316253030,9.78E+12,,AN ASTRONAUT'S GUIDE TO LIFE ON EARTH,Chris Hadfield
8643,Science,4/25/2015,5/10/2015,19.0,307473341,9.78E+12,,THE FUTURE OF THE MIND,Michio Kaku
8649,Science,4/25/2015,5/10/2015,20.0,71849467,9.78E+12,,THE DIGITAL DOCTOR,Robert Wachter
8693,Science,10/31/2015,11/15/2015,7.0,1476727279,9.78E+12,,WORKING STIFF,Judy Melinek and T J Mitchell
8711,Science,10/31/2015,11/15/2015,10.0,62288431,9.78E+12,,BRIEF CANDLE IN THE DARK,Richard Dawkins
8729,Science,10/31/2015,11/15/2015,13.0,038535066X,9.78E+12,,THE INVENTION OF NATURE,Andrea Wulf
8735,Science,10/31/2015,11/15/2015,14.0,307461467,9.78E+12,,ANIMAL WISE,Virginia Morell
8748,Science,10/31/2015,11/15/2015,16.0,147516315,9.78E+12,,THE ORGANIZED MIND,Daniel J Levitin
8760,Science,10/31/2015,11/15/2015,18.0,038535228X,9.78E+12,,THE PATIENT'S PLAYBOOK,Leslie D Michelson
8853,Science,3/28/2015,4/12/2015,12.0,307452433,9.78E+12,,ANATOMY OF AN EPIDEMIC,Robert Whitaker
8859,Science,3/28/2015,4/12/2015,13.0,1455527440,9.78E+12,,SPRING CHICKEN,Bill Gifford
8865,Science,3/28/2015,4/12/2015,14.0,385539002,9.78E+12,,FUTURE CRIMES,Marc Goodman
8877,Science,3/28/2015,4/12/2015,16.0,1594205809,9.78E+12,,MOODY BITCHES,Julie Holland
8895,Science,3/28/2015,4/12/2015,19.0,62374346,9.78E+12,,THIS IDEA MUST DIE,edited  John Brockman
8907,Science,12/31/2016,1/15/2017,1.0,393254593,9.78E+12,,THE UNDOING PROJECT,Michael Lewis
8928,Science,12/31/2016,1/15/2017,4.0,1771642483,9.78E+12,,THE HIDDEN LIFE OF TREES,Peter Wohlleben
8995,Science,12/31/2016,1/15/2017,14.0,691157243,9.78E+12,,WELCOME TO THE UNIVERSE,"Neil deGrasse Tyson, Michael A Strauss and J Richard Gott"
9007,Science,12/31/2016,1/15/2017,16.0,307701646,9.78E+12,,CASE AGAINST SUGAR,Gary Taubes
9025,Science,12/31/2016,1/15/2017,19.0,1615193596,9.78E+12,,HOW TO READ WATER,Tristan Gooley
9081,Science,5/28/2016,6/12/2016,8.0,525954821,9.78E+12,,THE BIG PICTURE,Sean Carroll
9129,Science,5/28/2016,6/12/2016,15.0,1594205213,9.78E+12,,THE GENIUS OF BIRDS,Jennifer Ackerman
9159,Science,5/28/2016,6/12/2016,20.0,054438105X,9.78E+12,,VISUAL INTELLIGENCE,Amy E Herman
9185,Science,9/26/2015,10/11/2015,4.0,684853949,9.78E+12,,THE MAN WHO MISTOOK HIS WIFE FOR A HAT,Oliver Sacks
9191,Science,9/26/2015,10/11/2015,5.0,1594206368,9.78E+12,,SUPERBETTER,Jane McGonigal
9258,Science,9/26/2015,10/11/2015,16.0,1250073952,9.78E+12,,LET THERE BE WATER,Seth M Siegel
9276,Science,9/26/2015,10/11/2015,19.0,61981230,9.78E+12,,WARPED PASSAGES,Lisa Randall
9326,Science,1/30/2016,2/14/2016,7.0,1476712107,9.78E+12,,THE LUCKY YEARS,David B Agus
9344,Science,1/30/2016,2/14/2016,10.0,812989260,9.78E+12,,CONCUSSION,Jeanne Marie Laskas
9357,Science,1/30/2016,2/14/2016,12.0,62346679,9.78E+12,,TO EXPLAIN THE WORLD,Steven Weinberg
9375,Science,1/30/2016,2/14/2016,15.0,307985679,9.78E+12,,IN A DIFFERENT KEY,John Donvan and Caren Zucker
9399,Science,1/30/2016,2/14/2016,19.0,1588362450,9.78E+12,,THE DEMON IN THE FREEZER,Richard Preston
9405,Science,1/30/2016,2/14/2016,20.0,None,9.78E+12,,TOMS RIVER,Dan Fagin
9467,Science,2/27/2016,3/13/2016,10.0,385348150,9.78E+12,,CURE,Jo Marchant
9492,Science,2/27/2016,3/13/2016,14.0,1594632987,9.78E+12,,INTO THE MAGIC SHOP,James R Doty
9528,Science,2/27/2016,3/13/2016,20.0,770433251,9.78E+12,,IT WAS ME ALL ALONG,Andie Mitchell
9603,Science,2/28/2015,3/15/2015,11.0,1603764054,9.78E+12,,THE ELEMENTS,Theodore Gray; photography  Nick Mann
9627,Science,2/28/2015,3/15/2015,15.0,143125087,9.78E+12,,THE SIGNAL AND THE NOISE,Nate Silver
9645,Science,2/28/2015,3/15/2015,18.0,1846883474,9.78E+12,,TRAVELLING TO INFINITY,Jane Hawking
9651,Science,2/28/2015,3/15/2015,19.0,307390608,9.78E+12,,MY AGE OF ANXIETY,Scott Stossel
9719,Science,11/29/2014,12/14/2014,10.0,385479565,9.78E+12,,THE HOT ZONE,Richard Preston
9761,Science,11/29/2014,12/14/2014,17.0,1591847443,9.78E+12,,THE MORAL CASE FOR FOSSIL FUELS,Alex Epstein
9779,Science,11/29/2014,12/14/2014,20.0,1579129714,9.78E+12,,MOLECULES,Theodore Gray Photography  Nick Mann
9860,Science,3/26/2016,4/10/2016,13.0,006193769X,9.78E+12,,THE BOY WHO HARNESSED THE WIND,William Kamkwamba and Bryan Mealer
9866,Science,3/26/2016,4/10/2016,14.0,1510703187,9.78E+12,,THE QUANTUM RULES,Kunal K Das
9884,Science,3/26/2016,4/10/2016,17.0,None,9.78E+12,,AN APPETITE FOR WONDER,Richard Dawkins
9896,Science,3/26/2016,4/10/2016,19.0,1631490826,9.78E+12,,HALF-EARTH,Edward O Wilson
9902,Science,3/26/2016,4/10/2016,20.0,1594204187,9.78E+12,,IMBECILES,Adam Cohen
10023,Science,12/26/2015,1/10/2016,19.0,62080628,9.78E+12,,ERASING DEATH,Sam Parnia with Josh Young
10225,Science,8/27/2016,9/11/2016,10.0,62368591,9.78E+12,,I CONTAIN MULTITUDES,Ed Yong
10231,Science,8/27/2016,9/11/2016,11.0,812992733,9.78E+12,,PATIENT H. M.,Luke Dittrich
10347,Science,10/29/2016,11/13/2016,9.0,307908798,9.78E+12,,TIME TRAVEL,James Gleick
10353,Science,10/29/2016,11/13/2016,10.0,1101903546,9.78E+12,,SPACEMAN,Mike Massimino
10386,Science,10/29/2016,11/13/2016,15.0,039371053X,9.78E+12,,MIND,Daniel J Siegel
10392,Science,10/29/2016,11/13/2016,16.0,1476738238,9.78E+12,,THE LION IN THE LIVING ROOM,Abigail Tucker
10398,Science,10/29/2016,11/13/2016,17.0,1594206724,9.78E+12,,HOW TO MAKE A SPACESHIP,Julian Guthrie
10404,Science,10/29/2016,11/13/2016,18.0,375708278,9.78E+12,,ISAAC'S STORM,Erik Larson
10666,Science,11/26/2016,12/11/2016,18.0,1426217277,9.78E+12,,STARTALK,"edited  Neil deGrasse Tyson, Jeffrey Simons and Charles Liu"
10672,Science,11/26/2016,12/11/2016,19.0,1476795991,9.78E+12,,BEING A DOG,Alexandra Horowitz
10801,Science,6/27/2015,7/12/2015,19.0,None,9.78E+12,,THE BISHOP'S BOYS,Tom D Crouch
