"status","copyright","num_results","last_modified","results__list_name","results__list_name_encoded","results__bestsellers_date","results__published_date","results__published_date_description","results__next_published_date","results__previous_published_date","results__display_name","results__normal_list_ends_at","results__updated","results__books__rank","results__books__rank_last_week","results__books__weeks_on_list","results__books__asterisk","results__books__dagger","results__books__primary_isbn10","results__books__primary_isbn13","results__books__publisher","results__books__description","results__books__price","results__books__title","results__books__author","results__books__contributor","results__books__contributor_note","results__books__book_image","results__books__book_image_width","results__books__book_image_height","results__books__amazon_product_url","results__books__age_group","results__books__book_review_link","results__books__first_chapter_link","results__books__sunday_review_link","results__books__article_chapter_link","results__books__isbns__isbn10","results__books__isbns__isbn13","results__books__buy_links__name","results__books__buy_links__url","results__books__book_uri"
"OK","Copyright (c) 2021 The New York Times Company.  All Rights Reserved.","15","2021-05-05T22:21:47-04:00","Combined Print and E-Book Nonfiction","combined-print-and-e-book-nonfiction","2021-05-01","2021-05-16","latest","","2021-05-09","Combined Print & E-Book Nonfiction","15","WEEKLY","1","0","1","0","0","1250223180","9781250223180","Flatiron","An approach to dealing with trauma that shifts an essential question used to investigate it.","0.00","WHAT HAPPENED TO YOU?","Bruce D. Perry and Oprah Winfrey","by Bruce D. Perry and Oprah Winfrey","","https://storage.googleapis.com/du-prd/books/images/9781250223180.jpg","319","500","https://www.amazon.com/dp/1250223180?tag=NYTBSREV-20","","","","","","1250223180","9781250223180","Amazon","https://www.amazon.com/dp/1250223180?tag=NYTBSREV-20","nyt://book/5bd45771-6d8f-5a8e-aa45-46b74262534e"
"","","","","","","","","","","","","","","","","","","","","","","","","","","","","","","","","","","","","","1250223210","9781250223210","Apple Books","https://du-gae-books-dot-nyt-du-prd.appspot.com/buy?title=WHAT+HAPPENED+TO+YOU%3F&author=Bruce+D.+Perry+and+Oprah+Winfrey",""
"","","","","","","","","","","","","","","","","","","","","","","","","","","","","","","","","","","","","","1250260655","9781250260659","Barnes and Noble","https://www.anrdoezrs.net/click-7990613-11819508?url=https%3A%2F%2Fwww.barnesandnoble.com%2Fw%2F%3Fean%3D9781250223180",""
"","","","","","","","","","","","","","","","","","","","","","","","","","","","","","","","","","","","","","","","Books-A-Million","https://du-gae-books-dot-nyt-du-prd.appspot.com/redirect?url1=https%3A%2F%2Fwww.anrdoezrs.net%2Fclick-7990613-35140%3Furl%3Dhttps%253A%252F%252Fwww.booksamillion.com%252Fp%252FWHAT%252BHAPPENED%252BTO%252BYOU%25253F%252FBruce%252BD.%252BPerry%252Band%252BOprah%252BWinfrey%252F9781250223180&url2=https%3A%2F%2Fwww.anrdoezrs.net%2Fclick-7990613-35140%3Furl%3Dhttps%253A%252F%252Fwww.booksamillion.com%252Fsearch%253Fquery%253DWHAT%252BHAPPENED%252BTO%252BYOU%25253F%252BBruce%252BD.%252BPerry%252Band%252BOprah%252BWinfrey",""
"","","","","","","","","","","","","","","","","","","","","","","","","","","","","","","","","","","","","","","","Bookshop","https://du-gae-books-dot-nyt-du-prd.appspot.com/redirect?url1=https%3A%2F%2Fbookshop.org%2Fa%2F3546%2F9781250223180&url2=https%3A%2F%2Fbookshop.org%2Fbooks%3Fkeywords%3DWHAT%2BHAPPENED%2BTO%2BYOU%253F",""
"","","","","","","","","","","","","","","","","","","","","","","","","","","","","","","","","","","","","","","","IndieBound","https://du-gae-books-dot-nyt-du-prd.appspot.com/redirect?url1=https%3A%2F%2Fwww.indiebound.org%2Fbook%2F9781250223180%3Faff%3DNYT&url2=https%3A%2F%2Fwww.indiebound.org%2Fsearch%2Fbook%3Fkeys%3DWHAT%2BHAPPENED%2BTO%2BYOU%253F%2BBruce%2BD.%2BPerry%2Band%2BOprah%2BWinfrey%26aff%3DNYT",""
"","","","","","","","","","","","","","","2","0","1","0","0","0316296619","9780316296618","Little, Brown","A look at the key players and outcomes of precision bombing during World War II.","0.00","THE BOMBER MAFIA","Malcolm Gladwell","by Malcolm Gladwell","","https://storage.googleapis.com/du-prd/books/images/9780316296618.jpg","336","500","https://www.amazon.com/dp/0316296619?tag=NYTBSREV-20","","","","","","0316296619","9780316296618","Amazon","https://www.amazon.com/dp/0316296619?tag=NYTBSREV-20","nyt://book/3f5784a5-de9f-5f92-88b1-620859dc688c"
"","","","","","","","","","","","","","","","","","","","","","","","","","","","","","","","","","","","","","0316309850","9780316309851","Apple Books","https://du-gae-books-dot-nyt-du-prd.appspot.com/buy?title=THE+BOMBER+MAFIA&author=Malcolm+Gladwell",""
"","","","","","","","","","","","","","","","","","","","","","","","","","","","","","","","","","","","","","0316296937","9780316296939","Barnes and Noble","https://www.anrdoezrs.net/click-7990613-11819508?url=https%3A%2F%2Fwww.barnesandnoble.com%2Fw%2F%3Fean%3D9780316296618",""
"","","","","","","","","","","","","","","","","","","","","","","","","","","","","","","","","","","","","","1735803227","9781735803227","Books-A-Million","https://du-gae-books-dot-nyt-du-prd.appspot.com/redirect?url1=https%3A%2F%2Fwww.anrdoezrs.net%2Fclick-7990613-35140%3Furl%3Dhttps%253A%252F%252Fwww.booksamillion.com%252Fp%252FTHE%252BBOMBER%252BMAFIA%252FMalcolm%252BGladwell%252F9780316296618&url2=https%3A%2F%2Fwww.anrdoezrs.net%2Fclick-7990613-35140%3Furl%3Dhttps%253A%252F%252Fwww.booksamillion.com%252Fsearch%253Fquery%253DTHE%252BBOMBER%252BMAFIA%252BMalcolm%252BGladwell",""
"","","","","","","","","","","","","","","","","","","","","","","","","","","","","","","","","","","","","","","","Bookshop","https://du-gae-books-dot-nyt-du-prd.appspot.com/redirect?url1=https%3A%2F%2Fbookshop.org%2Fa%2F3546%2F9780316296618&url2=https%3A%2F%2Fbookshop.org%2Fbooks%3Fkeywords%3DTHE%2BBOMBER%2BMAFIA",""
"","","","","","","","","","","","","","","","","","","","","","","","","","","","","","","","","","","","","","","","IndieBound","https://du-gae-books-dot-nyt-du-prd.appspot.com/redirect?url1=https%3A%2F%2Fwww.indiebound.org%2Fbook%2F9780316296618%3Faff%3DNYT&url2=https%3A%2F%2Fwww.indiebound.org%2Fsearch%2Fbook%3Fkeys%3DTHE%2BBOMBER%2BMAFIA%2BMalcolm%2BGladwell%26aff%3DNYT",""
"","","","","","","","","","","","","","","3","0","1","0","0","0593243625","9780593243626","Random House","An anthology of writing on the Black experience and shame resilience.","0.00","YOU ARE YOUR BEST THING","edited  Tarana Burke and Brené Brown","edited by Tarana Burke and Brené Brown","edited by Tarana Burke and Brené Brown","https://storage.googleapis.com/du-prd/books/images/9780593243626.jpg","325","500","https://www.amazon.com/dp/0593243625?tag=NYTBSREV-20","","","","","","0593243625","9780593243626","Amazon","https://www.amazon.com/dp/0593243625?tag=NYTBSREV-20","nyt://book/7c217829-b3f5-54da-ad5c-13987c7ab82e"
"","","","","","","","","","","","","","","","","","","","","","","","","","","","","","","","","","","","","","0593243641","9780593243640","Apple Books","https://du-gae-books-dot-nyt-du-prd.appspot.com/buy?title=YOU+ARE+YOUR+BEST+THING&author=edited++Tarana+Burke+and+Bren%C3%A9+Brown",""
"","","","","","","","","","","","","","","","","","","","","","","","","","","","","","","","","","","","","","","","Barnes and Noble","https://www.anrdoezrs.net/click-7990613-11819508?url=https%3A%2F%2Fwww.barnesandnoble.com%2Fw%2F%3Fean%3D9780593243626",""
"","","","","","","","","","","","","","","","","","","","","","","","","","","","","","","","","","","","","","","","Books-A-Million","https://du-gae-books-dot-nyt-du-prd.appspot.com/redirect?url1=https%3A%2F%2Fwww.anrdoezrs.net%2Fclick-7990613-35140%3Furl%3Dhttps%253A%252F%252Fwww.booksamillion.com%252Fp%252FYOU%252BARE%252BYOUR%252BBEST%252BTHING%252Fedited%252B%252BTarana%252BBurke%252Band%252BBren%2525C3%2525A9%252BBrown%252F9780593243626&url2=https%3A%2F%2Fwww.anrdoezrs.net%2Fclick-7990613-35140%3Furl%3Dhttps%253A%252F%252Fwww.booksamillion.com%252Fsearch%253Fquery%253DYOU%252BARE%252BYOUR%252BBEST%252BTHING%252Bedited%252B%252BTarana%252BBurke%252Band%252BBren%2525C3%2525A9%252BBrown",""
"","","","","","","","","","","","","","","","","","","","","","","","","","","","","","","","","","","","","","","","Bookshop","https://du-gae-books-dot-nyt-du-prd.appspot.com/redirect?url1=https%3A%2F%2Fbookshop.org%2Fa%2F3546%2F9780593243626&url2=https%3A%2F%2Fbookshop.org%2Fbooks%3Fkeywords%3DYOU%2BARE%2BYOUR%2BBEST%2BTHING",""
"","","","","","","","","","","","","","","","","","","","","","","","","","","","","","","","","","","","","","","","IndieBound","https://du-gae-books-dot-nyt-du-prd.appspot.com/redirect?url1=https%3A%2F%2Fwww.indiebound.org%2Fbook%2F9780593243626%3Faff%3DNYT&url2=https%3A%2F%2Fwww.indiebound.org%2Fsearch%2Fbook%3Fkeys%3DYOU%2BARE%2BYOUR%2BBEST%2BTHING%2Bedited%2B%2BTarana%2BBurke%2Band%2BBren%25C3%25A9%2BBrown%26aff%3DNYT",""
"","","","","","","","","","","","","","","4","0","1","0","0","0063076195","9780063076198","Morrow","A collection of essays by the Emmy-winning actor who became a viral sensation without knowing what that phrase meant at the time.","0.00","HOW Y'ALL DOING?","Leslie Jordan","by Leslie Jordan","","https://storage.googleapis.com/du-prd/books/images/9780063076198.jpg","346","500","https://www.amazon.com/dp/0063076195?tag=NYTBSREV-20","","","","","","0063076195","9780063076198","Amazon","https://www.amazon.com/dp/0063076195?tag=NYTBSREV-20","nyt://book/1346e33f-4d78-5d29-ad5b-2f071ed96662"
"","","","","","","","","","","","","","","","","","","","","","","","","","","","","","","","","","","","","","0063076217","9780063076211","Apple Books","https://du-gae-books-dot-nyt-du-prd.appspot.com/buy?title=HOW+Y%27ALL+DOING%3F&author=Leslie+Jordan",""
"","","","","","","","","","","","","","","","","","","","","","","","","","","","","","","","","","","","","","","","Barnes and Noble","https://www.anrdoezrs.net/click-7990613-11819508?url=https%3A%2F%2Fwww.barnesandnoble.com%2Fw%2F%3Fean%3D9780063076198",""
"","","","","","","","","","","","","","","","","","","","","","","","","","","","","","","","","","","","","","","","Books-A-Million","https://du-gae-books-dot-nyt-du-prd.appspot.com/redirect?url1=https%3A%2F%2Fwww.anrdoezrs.net%2Fclick-7990613-35140%3Furl%3Dhttps%253A%252F%252Fwww.booksamillion.com%252Fp%252FHOW%252BY%252527ALL%252BDOING%25253F%252FLeslie%252BJordan%252F9780063076198&url2=https%3A%2F%2Fwww.anrdoezrs.net%2Fclick-7990613-35140%3Furl%3Dhttps%253A%252F%252Fwww.booksamillion.com%252Fsearch%253Fquery%253DHOW%252BY%252527ALL%252BDOING%25253F%252BLeslie%252BJordan",""
"","","","","","","","","","","","","","","","","","","","","","","","","","","","","","","","","","","","","","","","Bookshop","https://du-gae-books-dot-nyt-du-prd.appspot.com/redirect?url1=https%3A%2F%2Fbookshop.org%2Fa%2F3546%2F9780063076198&url2=https%3A%2F%2Fbookshop.org%2Fbooks%3Fkeywords%3DHOW%2BY%2527ALL%2BDOING%253F",""
"","","","","","","","","","","","","","","","","","","","","","","","","","","","","","","","","","","","","","","","IndieBound","https://du-gae-books-dot-nyt-du-prd.appspot.com/redirect?url1=https%3A%2F%2Fwww.indiebound.org%2Fbook%2F9780063076198%3Faff%3DNYT&url2=https%3A%2F%2Fwww.indiebound.org%2Fsearch%2Fbook%3Fkeys%3DHOW%2BY%2527ALL%2BDOING%253F%2BLeslie%2BJordan%26aff%3DNYT",""
"","","","","","","","","","","","","","","5","3","36","0","0","0143127748","9780143127741","Penguin","How trauma affects the body and mind, and innovative treatments for recovery.","0.00","THE BODY KEEPS THE SCORE","Bessel van der Kolk","by Bessel van der Kolk","","https://storage.googleapis.com/du-prd/books/images/9780670785933.jpg","128","193","http://www.amazon.com/The-Body-Keeps-Score-Healing/dp/0670785938?tag=NYTBSREV-20","","","","","","0670785938","9780670785933","Amazon","http://www.amazon.com/The-Body-Keeps-Score-Healing/dp/0670785938?tag=NYTBSREV-20","nyt://book/e3e33e9d-0e67-5fec-b0d2-2ecddc38ce0e"
"","","","","","","","","","","","","","","","","","","","","","","","","","","","","","","","","","","","","","0143127748","9780143127741","Apple Books","https://du-gae-books-dot-nyt-du-prd.appspot.com/buy?title=THE+BODY+KEEPS+THE+SCORE&author=Bessel+van+der+Kolk",""
"","","","","","","","","","","","","","","","","","","","","","","","","","","","","","","","","","","","","","1469092352","9781469092355","Barnes and Noble","https://www.anrdoezrs.net/click-7990613-11819508?url=https%3A%2F%2Fwww.barnesandnoble.com%2Fw%2F%3Fean%3D9780143127741",""
"","","","","","","","","","","","","","","","","","","","","","","","","","","","","","","","","","","","","","","","Books-A-Million","https://du-gae-books-dot-nyt-du-prd.appspot.com/redirect?url1=https%3A%2F%2Fwww.anrdoezrs.net%2Fclick-7990613-35140%3Furl%3Dhttps%253A%252F%252Fwww.booksamillion.com%252Fp%252FTHE%252BBODY%252BKEEPS%252BTHE%252BSCORE%252FBessel%252Bvan%252Bder%252BKolk%252F9780143127741&url2=https%3A%2F%2Fwww.anrdoezrs.net%2Fclick-7990613-35140%3Furl%3Dhttps%253A%252F%252Fwww.booksamillion.com%252Fsearch%253Fquery%253DTHE%252BBODY%252BKEEPS%252BTHE%252BSCORE%252BBessel%252Bvan%252Bder%252BKolk",""
"","","","","","","","","","","","","","","","","","","","","","","","","","","","","","","","","","","","","","","","Bookshop","https://du-gae-books-dot-nyt-du-prd.appspot.com/redirect?url1=https%3A%2F%2Fbookshop.org%2Fa%2F3546%2F9780143127741&url2=https%3A%2F%2Fbookshop.org%2Fbooks%3Fkeywords%3DTHE%2BBODY%2BKEEPS%2BTHE%2BSCORE",""
"","","","","","","","","","","","","","","","","","","","","","","","","","","","","","","","","","","","","","","","IndieBound","https://du-gae-books-dot-nyt-du-prd.appspot.com/redirect?url1=https%3A%2F%2Fwww.indiebound.org%2Fbook%2F9780143127741%3Faff%3DNYT&url2=https%3A%2F%2Fwww.indiebound.org%2Fsearch%2Fbook%3Fkeys%3DTHE%2BBODY%2BKEEPS%2BTHE%2BSCORE%2BBessel%2Bvan%2Bder%2BKolk%26aff%3DNYT",""
"","","","","","","","","","","","","","","6","1","2","0","0","0593136969","9780593136966","Crown","Forty-three portraits by the former president, of men and women who have immigrated to the United States.","0.00","OUT OF MANY, ONE","George W. Bush","by George W. Bush","","https://storage.googleapis.com/du-prd/books/images/9780593136966.jpg","401","500","https://www.amazon.com/dp/0593136969?tag=NYTBSREV-20","","","","","","0593136969","9780593136966","Amazon","https://www.amazon.com/dp/0593136969?tag=NYTBSREV-20","nyt://book/54c4a086-3746-5e5b-af87-c03d29b50aa1"
"","","","","","","","","","","","","","","","","","","","","","","","","","","","","","","","","","","","","","","","Apple Books","https://du-gae-books-dot-nyt-du-prd.appspot.com/buy?title=OUT+OF+MANY%2C+ONE&author=George+W.+Bush",""
"","","","","","","","","","","","","","","","","","","","","","","","","","","","","","","","","","","","","","","","Barnes and Noble","https://www.anrdoezrs.net/click-7990613-11819508?url=https%3A%2F%2Fwww.barnesandnoble.com%2Fw%2F%3Fean%3D9780593136966",""
"","","","","","","","","","","","","","","","","","","","","","","","","","","","","","","","","","","","","","","","Books-A-Million","https://du-gae-books-dot-nyt-du-prd.appspot.com/redirect?url1=https%3A%2F%2Fwww.anrdoezrs.net%2Fclick-7990613-35140%3Furl%3Dhttps%253A%252F%252Fwww.booksamillion.com%252Fp%252FOUT%252BOF%252BMANY%25252C%252BONE%252FGeorge%252BW.%252BBush%252F9780593136966&url2=https%3A%2F%2Fwww.anrdoezrs.net%2Fclick-7990613-35140%3Furl%3Dhttps%253A%252F%252Fwww.booksamillion.com%252Fsearch%253Fquery%253DOUT%252BOF%252BMANY%25252C%252BONE%252BGeorge%252BW.%252BBush",""
"","","","","","","","","","","","","","","","","","","","","","","","","","","","","","","","","","","","","","","","Bookshop","https://du-gae-books-dot-nyt-du-prd.appspot.com/redirect?url1=https%3A%2F%2Fbookshop.org%2Fa%2F3546%2F9780593136966&url2=https%3A%2F%2Fbookshop.org%2Fbooks%3Fkeywords%3DOUT%2BOF%2BMANY%252C%2BONE",""
"","","","","","","","","","","","","","","","","","","","","","","","","","","","","","","","","","","","","","","","IndieBound","https://du-gae-books-dot-nyt-du-prd.appspot.com/redirect?url1=https%3A%2F%2Fwww.indiebound.org%2Fbook%2F9780593136966%3Faff%3DNYT&url2=https%3A%2F%2Fwww.indiebound.org%2Fsearch%2Fbook%3Fkeys%3DOUT%2BOF%2BMANY%252C%2BONE%2BGeorge%2BW.%2BBush%26aff%3DNYT",""
"","","","","","","","","","","","","","","7","6","39","0","0","0593230256","9780593230251","Random House","The Pulitzer Prize-winning journalist examines aspects of caste systems across civilizations and reveals a rigid hierarchy in America today.","0.00","CASTE","Isabel Wilkerson","by Isabel Wilkerson","","https://storage.googleapis.com/du-prd/books/images/9780593230251.jpg","330","500","https://www.amazon.com/dp/0593230256?tag=NYTBSREV-20","","","","","","0593230256","9780593230251","Amazon","https://www.amazon.com/dp/0593230256?tag=NYTBSREV-20","nyt://book/970c3c3d-b5b3-5cf4-bd49-fa2e441babb7"
"","","","","","","","","","","","","","","","","","","","","","","","","","","","","","","","","","","","","","0593241460","9780593241462","Apple Books","https://du-gae-books-dot-nyt-du-prd.appspot.com/buy?title=CASTE&author=Isabel+Wilkerson",""
"","","","","","","","","","","","","","","","","","","","","","","","","","","","","","","","","","","","","","1432885162","9781432885168","Barnes and Noble","https://www.anrdoezrs.net/click-7990613-11819508?url=https%3A%2F%2Fwww.barnesandnoble.com%2Fw%2F%3Fean%3D9780593230251",""
"","","","","","","","","","","","","","","","","","","","","","","","","","","","","","","","","","","","","","","","Books-A-Million","https://du-gae-books-dot-nyt-du-prd.appspot.com/redirect?url1=https%3A%2F%2Fwww.anrdoezrs.net%2Fclick-7990613-35140%3Furl%3Dhttps%253A%252F%252Fwww.booksamillion.com%252Fp%252FCASTE%252FIsabel%252BWilkerson%252F9780593230251&url2=https%3A%2F%2Fwww.anrdoezrs.net%2Fclick-7990613-35140%3Furl%3Dhttps%253A%252F%252Fwww.booksamillion.com%252Fsearch%253Fquery%253DCASTE%252BIsabel%252BWilkerson",""
"","","","","","","","","","","","","","","","","","","","","","","","","","","","","","","","","","","","","","","","Bookshop","https://du-gae-books-dot-nyt-du-prd.appspot.com/redirect?url1=https%3A%2F%2Fbookshop.org%2Fa%2F3546%2F9780593230251&url2=https%3A%2F%2Fbookshop.org%2Fbooks%3Fkeywords%3DCASTE",""
"","","","","","","","","","","","","","","","","","","","","","","","","","","","","","","","","","","","","","","","IndieBound","https://du-gae-books-dot-nyt-du-prd.appspot.com/redirect?url1=https%3A%2F%2Fwww.indiebound.org%2Fbook%2F9780593230251%3Faff%3DNYT&url2=https%3A%2F%2Fwww.indiebound.org%2Fsearch%2Fbook%3Fkeys%3DCASTE%2BIsabel%2BWilkerson%26aff%3DNYT",""
"","","","","","","","","","","","","","","8","0","6","0","0","0393356310","9780393356311","Norton"," A look at an expanding low-cost labor pool, which largely consists of transient older adults, and what this might portend.","0.00","NOMADLAND","Jessica Bruder","by Jessica Bruder","","https://storage.googleapis.com/du-prd/books/images/9780393356311.jpg","333","500","https://www.amazon.com/dp/0393356310?tag=NYTBSREV-20","","","","","","0393356310","9780393356311","Amazon","https://www.amazon.com/dp/0393356310?tag=NYTBSREV-20","nyt://book/8a90ea18-778d-56ab-af1c-45457f314cf1"
"","","","","","","","","","","","","","","","","","","","","","","","","","","","","","","","","","","","","","0393249328","9780393249323","Apple Books","https://du-gae-books-dot-nyt-du-prd.appspot.com/buy?title=NOMADLAND&author=Jessica+Bruder",""
"","","","","","","","","","","","","","","","","","","","","","","","","","","","","","","","","","","","","","039324931X","9780393249316","Barnes and Noble","https://www.anrdoezrs.net/click-7990613-11819508?url=https%3A%2F%2Fwww.barnesandnoble.com%2Fw%2F%3Fean%3D9780393356311",""
"","","","","","","","","","","","","","","","","","","","","","","","","","","","","","","","","","","","","","1432846434","9781432846435","Books-A-Million","https://du-gae-books-dot-nyt-du-prd.appspot.com/redirect?url1=https%3A%2F%2Fwww.anrdoezrs.net%2Fclick-7990613-35140%3Furl%3Dhttps%253A%252F%252Fwww.booksamillion.com%252Fp%252FNOMADLAND%252FJessica%252BBruder%252F9780393356311&url2=https%3A%2F%2Fwww.anrdoezrs.net%2Fclick-7990613-35140%3Furl%3Dhttps%253A%252F%252Fwww.booksamillion.com%252Fsearch%253Fquery%253DNOMADLAND%252BJessica%252BBruder",""
"","","","","","","","","","","","","","","","","","","","","","","","","","","","","","","","","","","","","","","","Bookshop","https://du-gae-books-dot-nyt-du-prd.appspot.com/redirect?url1=https%3A%2F%2Fbookshop.org%2Fa%2F3546%2F9780393356311&url2=https%3A%2F%2Fbookshop.org%2Fbooks%3Fkeywords%3DNOMADLAND",""
"","","","","","","","","","","","","","","","","","","","","","","","","","","","","","","","","","","","","","","","IndieBound","https://du-gae-books-dot-nyt-du-prd.appspot.com/redirect?url1=https%3A%2F%2Fwww.indiebound.org%2Fbook%2F9780393356311%3Faff%3DNYT&url2=https%3A%2F%2Fwww.indiebound.org%2Fsearch%2Fbook%3Fkeys%3DNOMADLAND%2BJessica%2BBruder%26aff%3DNYT",""
"","","","","","","","","","","","","","","9","11","60","0","0","1984801252","9781984801258","Dial","The activist and public speaker describes her journey of listening to her inner voice.","0.00","UNTAMED","Glennon Doyle","by Glennon Doyle","","https://storage.googleapis.com/du-prd/books/images/9781984801258.jpg","330","500","https://www.amazon.com/dp/1984801252?tag=NYTBSREV-20","","","","","","1984801252","9781984801258","Amazon","https://www.amazon.com/dp/1984801252?tag=NYTBSREV-20","nyt://book/fbeeab6c-34bb-5c38-8f27-9fc3ced2ff01"
"","","","","","","","","","","","","","","","","","","","","","","","","","","","","","","","","","","","","","","","Apple Books","https://du-gae-books-dot-nyt-du-prd.appspot.com/buy?title=UNTAMED&author=Glennon+Doyle",""
"","","","","","","","","","","","","","","","","","","","","","","","","","","","","","","","","","","","","","","","Barnes and Noble","https://www.anrdoezrs.net/click-7990613-11819508?url=https%3A%2F%2Fwww.barnesandnoble.com%2Fw%2F%3Fean%3D9781984801258",""
"","","","","","","","","","","","","","","","","","","","","","","","","","","","","","","","","","","","","","","","Books-A-Million","https://du-gae-books-dot-nyt-du-prd.appspot.com/redirect?url1=https%3A%2F%2Fwww.anrdoezrs.net%2Fclick-7990613-35140%3Furl%3Dhttps%253A%252F%252Fwww.booksamillion.com%252Fp%252FUNTAMED%252FGlennon%252BDoyle%252F9781984801258&url2=https%3A%2F%2Fwww.anrdoezrs.net%2Fclick-7990613-35140%3Furl%3Dhttps%253A%252F%252Fwww.booksamillion.com%252Fsearch%253Fquery%253DUNTAMED%252BGlennon%252BDoyle",""
"","","","","","","","","","","","","","","","","","","","","","","","","","","","","","","","","","","","","","","","Bookshop","https://du-gae-books-dot-nyt-du-prd.appspot.com/redirect?url1=https%3A%2F%2Fbookshop.org%2Fa%2F3546%2F9781984801258&url2=https%3A%2F%2Fbookshop.org%2Fbooks%3Fkeywords%3DUNTAMED",""
"","","","","","","","","","","","","","","","","","","","","","","","","","","","","","","","","","","","","","","","IndieBound","https://du-gae-books-dot-nyt-du-prd.appspot.com/redirect?url1=https%3A%2F%2Fwww.indiebound.org%2Fbook%2F9781984801258%3Faff%3DNYT&url2=https%3A%2F%2Fwww.indiebound.org%2Fsearch%2Fbook%3Fkeys%3DUNTAMED%2BGlennon%2BDoyle%26aff%3DNYT",""
"","","","","","","","","","","","","","","10","5","28","0","0","0593139135","9780593139134","Crown","The Academy Award-winning actor shares snippets from the diaries he kept over the last 35 years.","0.00","GREENLIGHTS","Matthew McConaughey","by Matthew McConaughey","","https://storage.googleapis.com/du-prd/books/images/9780593139134.jpg","392","500","https://www.amazon.com/dp/0593139135?tag=NYTBSREV-20","","","","","","0593139135","9780593139134","Amazon","https://www.amazon.com/dp/0593139135?tag=NYTBSREV-20","nyt://book/a13e8e1e-0fdd-5551-925b-d89690f4eb37"
"","","","","","","","","","","","","","","","","","","","","","","","","","","","","","","","","","","","","","0593416953","9780593416952","Apple Books","https://du-gae-books-dot-nyt-du-prd.appspot.com/buy?title=GREENLIGHTS&author=Matthew+McConaughey",""
"","","","","","","","","","","","","","","","","","","","","","","","","","","","","","","","","","","","","","","","Barnes and Noble","https://www.anrdoezrs.net/click-7990613-11819508?url=https%3A%2F%2Fwww.barnesandnoble.com%2Fw%2F%3Fean%3D9780593139134",""
"","","","","","","","","","","","","","","","","","","","","","","","","","","","","","","","","","","","","","","","Books-A-Million","https://du-gae-books-dot-nyt-du-prd.appspot.com/redirect?url1=https%3A%2F%2Fwww.anrdoezrs.net%2Fclick-7990613-35140%3Furl%3Dhttps%253A%252F%252Fwww.booksamillion.com%252Fp%252FGREENLIGHTS%252FMatthew%252BMcConaughey%252F9780593139134&url2=https%3A%2F%2Fwww.anrdoezrs.net%2Fclick-7990613-35140%3Furl%3Dhttps%253A%252F%252Fwww.booksamillion.com%252Fsearch%253Fquery%253DGREENLIGHTS%252BMatthew%252BMcConaughey",""
"","","","","","","","","","","","","","","","","","","","","","","","","","","","","","","","","","","","","","","","Bookshop","https://du-gae-books-dot-nyt-du-prd.appspot.com/redirect?url1=https%3A%2F%2Fbookshop.org%2Fa%2F3546%2F9780593139134&url2=https%3A%2F%2Fbookshop.org%2Fbooks%3Fkeywords%3DGREENLIGHTS",""
"","","","","","","","","","","","","","","","","","","","","","","","","","","","","","","","","","","","","","","","IndieBound","https://du-gae-books-dot-nyt-du-prd.appspot.com/redirect?url1=https%3A%2F%2Fwww.indiebound.org%2Fbook%2F9780593139134%3Faff%3DNYT&url2=https%3A%2F%2Fwww.indiebound.org%2Fsearch%2Fbook%3Fkeys%3DGREENLIGHTS%2BMatthew%2BMcConaughey%26aff%3DNYT",""
"","","","","","","","","","","","","","","11","2","2","0","0","0525657746","9780525657743","Knopf","The daughter of a Korean mother and Jewish-American father, and leader of the indie rock project Japanese Breakfast, describes creating her own identity after losing her mother to cancer.","0.00","CRYING IN H MART","Michelle Zauner","by Michelle Zauner","","https://storage.googleapis.com/du-prd/books/images/9780525657743.jpg","338","500","https://www.amazon.com/dp/0525657746?tag=NYTBSREV-20","","","","","","0525657746","9780525657743","Amazon","https://www.amazon.com/dp/0525657746?tag=NYTBSREV-20","nyt://book/606c842e-51e5-5ec6-826f-8c9104617ab8"
"","","","","","","","","","","","","","","","","","","","","","","","","","","","","","","","","","","","","","0525657754","9780525657750","Apple Books","https://du-gae-books-dot-nyt-du-prd.appspot.com/buy?title=CRYING+IN+H+MART&author=Michelle+Zauner",""
"","","","","","","","","","","","","","","","","","","","","","","","","","","","","","","","","","","","","","","","Barnes and Noble","https://www.anrdoezrs.net/click-7990613-11819508?url=https%3A%2F%2Fwww.barnesandnoble.com%2Fw%2F%3Fean%3D9780525657743",""
"","","","","","","","","","","","","","","","","","","","","","","","","","","","","","","","","","","","","","","","Books-A-Million","https://du-gae-books-dot-nyt-du-prd.appspot.com/redirect?url1=https%3A%2F%2Fwww.anrdoezrs.net%2Fclick-7990613-35140%3Furl%3Dhttps%253A%252F%252Fwww.booksamillion.com%252Fp%252FCRYING%252BIN%252BH%252BMART%252FMichelle%252BZauner%252F9780525657743&url2=https%3A%2F%2Fwww.anrdoezrs.net%2Fclick-7990613-35140%3Furl%3Dhttps%253A%252F%252Fwww.booksamillion.com%252Fsearch%253Fquery%253DCRYING%252BIN%252BH%252BMART%252BMichelle%252BZauner",""
"","","","","","","","","","","","","","","","","","","","","","","","","","","","","","","","","","","","","","","","Bookshop","https://du-gae-books-dot-nyt-du-prd.appspot.com/redirect?url1=https%3A%2F%2Fbookshop.org%2Fa%2F3546%2F9780525657743&url2=https%3A%2F%2Fbookshop.org%2Fbooks%3Fkeywords%3DCRYING%2BIN%2BH%2BMART",""
"","","","","","","","","","","","","","","","","","","","","","","","","","","","","","","","","","","","","","","","IndieBound","https://du-gae-books-dot-nyt-du-prd.appspot.com/redirect?url1=https%3A%2F%2Fwww.indiebound.org%2Fbook%2F9780525657743%3Faff%3DNYT&url2=https%3A%2F%2Fwww.indiebound.org%2Fsearch%2Fbook%3Fkeys%3DCRYING%2BIN%2BH%2BMART%2BMichelle%2BZauner%26aff%3DNYT",""
"","","","","","","","","","","","","","","12","7","8","0","0","1982115858","9781982115852","Simon & Schuster","How the Nobel Prize winner Jennifer Doudna and her colleagues invented CRISPR, a tool that can edit DNA.","0.00","THE CODE BREAKER","Walter Isaacson","by Walter Isaacson","","https://storage.googleapis.com/du-prd/books/images/9781982115852.jpg","329","500","https://www.amazon.com/dp/1982115858?tag=NYTBSREV-20","","","","","","1982115858","9781982115852","Amazon","https://www.amazon.com/dp/1982115858?tag=NYTBSREV-20","nyt://book/c1e67281-ccaa-5cb6-9558-dc0f08a600fc"
"","","","","","","","","","","","","","","","","","","","","","","","","","","","","","","","","","","","","","1982115874","9781982115876","Apple Books","https://du-gae-books-dot-nyt-du-prd.appspot.com/buy?title=THE+CODE+BREAKER&author=Walter+Isaacson",""
"","","","","","","","","","","","","","","","","","","","","","","","","","","","","","","","","","","","","","1797117041","9781797117041","Barnes and Noble","https://www.anrdoezrs.net/click-7990613-11819508?url=https%3A%2F%2Fwww.barnesandnoble.com%2Fw%2F%3Fean%3D9781982115852",""
"","","","","","","","","","","","","","","","","","","","","","","","","","","","","","","","","","","","","","","","Books-A-Million","https://du-gae-books-dot-nyt-du-prd.appspot.com/redirect?url1=https%3A%2F%2Fwww.anrdoezrs.net%2Fclick-7990613-35140%3Furl%3Dhttps%253A%252F%252Fwww.booksamillion.com%252Fp%252FTHE%252BCODE%252BBREAKER%252FWalter%252BIsaacson%252F9781982115852&url2=https%3A%2F%2Fwww.anrdoezrs.net%2Fclick-7990613-35140%3Furl%3Dhttps%253A%252F%252Fwww.booksamillion.com%252Fsearch%253Fquery%253DTHE%252BCODE%252BBREAKER%252BWalter%252BIsaacson",""
"","","","","","","","","","","","","","","","","","","","","","","","","","","","","","","","","","","","","","","","Bookshop","https://du-gae-books-dot-nyt-du-prd.appspot.com/redirect?url1=https%3A%2F%2Fbookshop.org%2Fa%2F3546%2F9781982115852&url2=https%3A%2F%2Fbookshop.org%2Fbooks%3Fkeywords%3DTHE%2BCODE%2BBREAKER",""
"","","","","","","","","","","","","","","","","","","","","","","","","","","","","","","","","","","","","","","","IndieBound","https://du-gae-books-dot-nyt-du-prd.appspot.com/redirect?url1=https%3A%2F%2Fwww.indiebound.org%2Fbook%2F9781982115852%3Faff%3DNYT&url2=https%3A%2F%2Fwww.indiebound.org%2Fsearch%2Fbook%3Fkeys%3DTHE%2BCODE%2BBREAKER%2BWalter%2BIsaacson%26aff%3DNYT",""
"","","","","","","","","","","","","","","13","0","1","0","0","0525654895","9780525654896","Knopf","The senior senator from Minnesota suggests ways to deal with monopolies, promote business competition and encourage innovation.","0.00","ANTITRUST","Amy Klobuchar","by Amy Klobuchar","","https://storage.googleapis.com/du-prd/books/images/9780525654896.jpg","338","500","https://www.amazon.com/dp/0525654895?tag=NYTBSREV-20","","","","","","None","9780143177289","Amazon","https://www.amazon.com/dp/0525654895?tag=NYTBSREV-20","nyt://book/fcdca8f6-ede2-5023-b401-330c53137901"
"","","","","","","","","","","","","","","","","","","","","","","","","","","","","","","","","","","","","","0525654895","9780525654896","Apple Books","https://du-gae-books-dot-nyt-du-prd.appspot.com/buy?title=ANTITRUST&author=Amy+Klobuchar",""
"","","","","","","","","","","","","","","","","","","","","","","","","","","","","","","","","","","","","","0525654909","9780525654902","Barnes and Noble","https://www.anrdoezrs.net/click-7990613-11819508?url=https%3A%2F%2Fwww.barnesandnoble.com%2Fw%2F%3Fean%3D9780525654896",""
"","","","","","","","","","","","","","","","","","","","","","","","","","","","","","","","","","","","","","","","Books-A-Million","https://du-gae-books-dot-nyt-du-prd.appspot.com/redirect?url1=https%3A%2F%2Fwww.anrdoezrs.net%2Fclick-7990613-35140%3Furl%3Dhttps%253A%252F%252Fwww.booksamillion.com%252Fp%252FANTITRUST%252FAmy%252BKlobuchar%252F9780525654896&url2=https%3A%2F%2Fwww.anrdoezrs.net%2Fclick-7990613-35140%3Furl%3Dhttps%253A%252F%252Fwww.booksamillion.com%252Fsearch%253Fquery%253DANTITRUST%252BAmy%252BKlobuchar",""
"","","","","","","","","","","","","","","","","","","","","","","","","","","","","","","","","","","","","","","","Bookshop","https://du-gae-books-dot-nyt-du-prd.appspot.com/redirect?url1=https%3A%2F%2Fbookshop.org%2Fa%2F3546%2F9780525654896&url2=https%3A%2F%2Fbookshop.org%2Fbooks%3Fkeywords%3DANTITRUST",""
"","","","","","","","","","","","","","","","","","","","","","","","","","","","","","","","","","","","","","","","IndieBound","https://du-gae-books-dot-nyt-du-prd.appspot.com/redirect?url1=https%3A%2F%2Fwww.indiebound.org%2Fbook%2F9780525654896%3Faff%3DNYT&url2=https%3A%2F%2Fwww.indiebound.org%2Fsearch%2Fbook%3Fkeys%3DANTITRUST%2BAmy%2BKlobuchar%26aff%3DNYT",""
"","","","","","","","","","","","","","","14","9","12","0","0","1984878107","9781984878106","Viking","An examination of the cognitive skills of rethinking and unlearning that could be used to adapt to a rapidly changing world.","0.00","THINK AGAIN","Adam Grant","by Adam Grant","","https://storage.googleapis.com/du-prd/books/images/9781984878106.jpg","331","500","https://www.amazon.com/dp/1984878107?tag=NYTBSREV-20","","","","","","1984878107","9781984878106","Amazon","https://www.amazon.com/dp/1984878107?tag=NYTBSREV-20","nyt://book/63c6144a-3991-5653-ad88-4bca2e9afc1b"
"","","","","","","","","","","","","","","","","","","","","","","","","","","","","","","","","","","","","","1984878115","9781984878113","Apple Books","https://du-gae-books-dot-nyt-du-prd.appspot.com/buy?title=THINK+AGAIN&author=Adam+Grant",""
"","","","","","","","","","","","","","","","","","","","","","","","","","","","","","","","","","","","","","0593395786","9780593395783","Barnes and Noble","https://www.anrdoezrs.net/click-7990613-11819508?url=https%3A%2F%2Fwww.barnesandnoble.com%2Fw%2F%3Fean%3D9781984878106",""
"","","","","","","","","","","","","","","","","","","","","","","","","","","","","","","","","","","","","","","","Books-A-Million","https://du-gae-books-dot-nyt-du-prd.appspot.com/redirect?url1=https%3A%2F%2Fwww.anrdoezrs.net%2Fclick-7990613-35140%3Furl%3Dhttps%253A%252F%252Fwww.booksamillion.com%252Fp%252FTHINK%252BAGAIN%252FAdam%252BGrant%252F9781984878106&url2=https%3A%2F%2Fwww.anrdoezrs.net%2Fclick-7990613-35140%3Furl%3Dhttps%253A%252F%252Fwww.booksamillion.com%252Fsearch%253Fquery%253DTHINK%252BAGAIN%252BAdam%252BGrant",""
"","","","","","","","","","","","","","","","","","","","","","","","","","","","","","","","","","","","","","","","Bookshop","https://du-gae-books-dot-nyt-du-prd.appspot.com/redirect?url1=https%3A%2F%2Fbookshop.org%2Fa%2F3546%2F9781984878106&url2=https%3A%2F%2Fbookshop.org%2Fbooks%3Fkeywords%3DTHINK%2BAGAIN",""
"","","","","","","","","","","","","","","","","","","","","","","","","","","","","","","","","","","","","","","","IndieBound","https://du-gae-books-dot-nyt-du-prd.appspot.com/redirect?url1=https%3A%2F%2Fwww.indiebound.org%2Fbook%2F9781984878106%3Faff%3DNYT&url2=https%3A%2F%2Fwww.indiebound.org%2Fsearch%2Fbook%3Fkeys%3DTHINK%2BAGAIN%2BAdam%2BGrant%26aff%3DNYT",""
"","","","","","","","","","","","","","","15","13","3","0","0","0385545681","9780385545686","Doubleday","A portrait of the Sackler family, known for their philanthropy toward institutions around the world, and their involvement with Valium and OxyContin.","0.00","EMPIRE OF PAIN","Patrick Radden Keefe","by Patrick Radden Keefe","","https://storage.googleapis.com/du-prd/books/images/9780385545686.jpg","329","500","https://www.amazon.com/dp/0385545681?tag=NYTBSREV-20","","","","","","0385545681","9780385545686","Amazon","https://www.amazon.com/dp/0385545681?tag=NYTBSREV-20","nyt://book/64fe7298-a088-5a32-b100-f9271479c6c5"
"","","","","","","","","","","","","","","","","","","","","","","","","","","","","","","","","","","","","","038554569X","9780385545693","Apple Books","https://du-gae-books-dot-nyt-du-prd.appspot.com/buy?title=EMPIRE+OF+PAIN&author=Patrick+Radden+Keefe",""
"","","","","","","","","","","","","","","","","","","","","","","","","","","","","","","","","","","","","","0593416287","9780593416280","Barnes and Noble","https://www.anrdoezrs.net/click-7990613-11819508?url=https%3A%2F%2Fwww.barnesandnoble.com%2Fw%2F%3Fean%3D9780385545686",""
"","","","","","","","","","","","","","","","","","","","","","","","","","","","","","","","","","","","","","","","Books-A-Million","https://du-gae-books-dot-nyt-du-prd.appspot.com/redirect?url1=https%3A%2F%2Fwww.anrdoezrs.net%2Fclick-7990613-35140%3Furl%3Dhttps%253A%252F%252Fwww.booksamillion.com%252Fp%252FEMPIRE%252BOF%252BPAIN%252FPatrick%252BRadden%252BKeefe%252F9780385545686&url2=https%3A%2F%2Fwww.anrdoezrs.net%2Fclick-7990613-35140%3Furl%3Dhttps%253A%252F%252Fwww.booksamillion.com%252Fsearch%253Fquery%253DEMPIRE%252BOF%252BPAIN%252BPatrick%252BRadden%252BKeefe",""
"","","","","","","","","","","","","","","","","","","","","","","","","","","","","","","","","","","","","","","","Bookshop","https://du-gae-books-dot-nyt-du-prd.appspot.com/redirect?url1=https%3A%2F%2Fbookshop.org%2Fa%2F3546%2F9780385545686&url2=https%3A%2F%2Fbookshop.org%2Fbooks%3Fkeywords%3DEMPIRE%2BOF%2BPAIN",""
"","","","","","","","","","","","","","","","","","","","","","","","","","","","","","","","","","","","","","","","IndieBound","https://du-gae-books-dot-nyt-du-prd.appspot.com/redirect?url1=https%3A%2F%2Fwww.indiebound.org%2Fbook%2F9780385545686%3Faff%3DNYT&url2=https%3A%2F%2Fwww.indiebound.org%2Fsearch%2Fbook%3Fkeys%3DEMPIRE%2BOF%2BPAIN%2BPatrick%2BRadden%2BKeefe%26aff%3DNYT",""
